timestep,convergence_iteration,DG1_value,RES1_value,RES1_curtail,RES2_value,RES2_curtail,RES3_value,RES3_curtail,LOAD1_value,LOAD1_loss,LOAD1_shed,LOAD2_value,LOAD2_loss,LOAD2_shed,LOAD3_value,LOAD3_loss,LOAD3_shed,LOAD4_value,LOAD4_loss,LOAD4_shed,LOAD5_value,LOAD5_loss,LOAD5_shed,ESS1_value,ESS1_soc,ESS2_value,ESS2_soc,ESS3_value,ESS3_soc
1,5135,0.0,84.0,-0.0,88.8,-0.0,84.0,-0.0,42.6,44.304,-0.0,42.6,44.091,-0.0,25.8,26.574,-0.0,40.8,42.432,-0.0,48.6,51.03,-0.0,-16.11752026076438,0.402078,-16.11752026076438,0.402078,-16.11752026076438,0.402078
2,5134,0.0,84.0,-0.0,88.8,-0.0,84.0,-0.0,41.4,43.056,-0.0,41.4,42.849,-0.0,23.4,24.102,-0.0,40.8,42.432,-0.0,48.6,51.03,-0.0,-17.771509865503553,0.514631,-17.771509865503553,0.514631,-17.771509865503553,0.514631
3,5118,0.0,70.0,-0.0,72.0,-0.0,70.0,-0.0,40.8,42.432,-0.0,40.8,42.228,-0.0,22.8,23.484,-0.0,40.8,42.432,-0.0,48.0,50.4,-0.0,-3.679988099405039,0.537937,-3.679988099405039,0.537937,-3.679988099405039,0.537937
4,5118,0.0,64.0,-0.0,64.8,-0.0,74.0,-0.0,41.4,43.056,-0.0,41.4,42.849,-0.0,22.8,23.484,-0.0,42.6,44.304,-0.0,45.6,47.88,-0.0,-0.41426006559532913,0.540561,-0.41426006559532913,0.540561,-0.41426006559532913,0.540561
5,5120,0.0,56.0,-0.0,55.2,-0.0,74.0,-0.0,42.6,44.304,-0.0,42.6,44.091,-0.0,23.4,24.102,-0.0,43.8,45.552,-0.0,46.2,48.51,-0.0,7.114158601089168,0.490637,7.114158601089168,0.490637,7.114158601089168,0.490637
6,6044,3.2956694556785164,56.0,-0.0,55.2,-0.0,73.0,-0.0,46.8,48.672,-0.0,46.8,48.438,-0.0,27.6,28.428,-0.0,49.2,51.168,-0.0,48.0,50.4,-0.0,13.167704244370201,0.398232,13.167704244370201,0.398232,13.167704244370201,0.398232
7,6052,5.609103755854403,66.0,-0.0,67.2,-0.0,73.0,-0.0,52.2,54.288,-0.0,52.2,54.027,-0.0,33.6,34.608,-0.0,55.2,57.408,-0.0,51.0,53.55,-0.0,13.987691780846662,0.300073,13.987691780846662,0.300073,13.987691780846662,0.300073
8,6136,21.963289103997983,65.0,-0.0,66.0,-0.0,73.0,-0.0,55.2,57.408,-0.0,55.2,57.132,-0.0,36.0,37.08,-0.0,57.0,59.28,-0.0,55.2,57.96,-0.0,14.260402499999996,0.2,14.260402499999996,0.2,14.260402499999996,0.2
9,6136,22.23717937251146,81.0,-0.0,85.2,-0.0,81.0,-0.0,54.0,56.16,-0.0,54.0,55.89,-0.0,33.6,34.608,-0.0,58.8,61.152,-0.0,58.8,61.74,-0.0,0.0,0.2,0.0,0.2,0.0,0.2
10,5128,0.0,94.0,-0.0,100.8,-0.0,94.0,-0.0,52.2,54.288,-0.0,52.2,54.027,-0.0,31.8,32.754,-0.0,59.4,61.776,-0.0,60.0,63.0,-0.0,-7.6463145520188744,0.248426,-7.6463145520188744,0.248426,-7.6463145520188744,0.248426
11,5137,0.0,76.0,-0.0,110.4,-0.0,76.0,-0.0,51.6,53.664,-0.0,51.6,53.406,-0.0,31.8,32.754,-0.0,60.0,62.4,-0.0,60.0,63.0,-0.0,0.9468372491580127,0.241782,0.9468372491580127,0.241782,0.9468372491580127,0.241782
12,5135,0.0,76.0,-0.0,115.2,-0.0,79.0,-0.0,49.8,51.792,-0.0,49.8,51.543,-0.0,31.2,32.136,-0.0,59.4,61.776,-0.0,60.0,63.0,-0.0,-3.3231183069762875,0.262828,-3.3231183069762875,0.262828,-3.3231183069762875,0.262828
13,5133,0.0,86.0,-0.0,116.4,-0.0,86.0,-0.0,49.2,51.168,-0.0,49.2,50.922,-0.0,30.6,31.518,-0.0,59.4,61.776,-0.0,60.0,63.0,-0.0,-10.01084267874362,0.32623,-10.01084267874362,0.32623,-10.01084267874362,0.32623
14,5137,0.0,94.0,-0.0,112.8,-0.0,94.0,-0.0,48.6,50.544,-0.0,48.6,50.301,-0.0,30.6,31.518,-0.0,60.0,62.4,-0.0,60.0,63.0,-0.0,-14.3402689269736,0.417052,-14.3402689269736,0.417052,-14.3402689269736,0.417052
15,5123,0.0,100.0,-0.0,106.8,-0.0,100.0,-0.0,48.6,50.544,-0.0,48.6,50.301,-0.0,32.4,33.372,-0.0,59.4,61.776,-0.0,59.4,62.37,-0.0,-16.14027240852008,0.519274,-16.14027240852008,0.519274,-16.14027240852008,0.519274
16,5122,0.0,100.0,-0.0,97.2,-0.0,100.0,-0.0,48.6,50.544,-0.0,48.6,50.301,-0.0,36.0,37.08,-0.0,59.4,61.776,-0.0,57.6,60.48,-0.0,-12.345052876174844,0.597459,-12.345052876174844,0.597459,-12.345052876174844,0.597459
17,5118,0.0,81.0,-0.0,82.8,-0.0,81.0,-0.0,50.4,52.416,-0.0,50.4,52.164,-0.0,44.4,45.732,-0.0,59.4,61.776,-0.0,55.8,58.59,-0.0,8.620793743392676,0.536962,8.620793743392676,0.536962,8.620793743392676,0.536962
18,6045,3.4606709304847696,86.0,-0.0,68.4,-0.0,86.0,-0.0,56.4,58.656,-0.0,56.4,58.374,-0.0,52.8,54.384,-0.0,53.4,55.536,-0.0,54.0,56.7,-0.0,13.226257287957521,0.444146,13.226257287957521,0.444146,13.226257287957521,0.444146
19,6057,8.139230864206215,84.0,-0.0,70.8,-0.0,84.0,-0.0,60.0,62.4,-0.0,60.0,62.1,-0.0,57.0,58.71,-0.0,50.4,52.416,-0.0,53.4,56.07,-0.0,14.884037359259384,0.339697,14.884037359259384,0.339697,14.884037359259384,0.339697
20,6028,0.8696376579742038,89.0,-0.0,70.8,-0.0,89.0,-0.0,58.2,60.528,-0.0,58.2,60.237,-0.0,60.0,61.8,-0.0,46.8,48.672,-0.0,52.8,55.44,-0.0,12.306614563078028,0.253335,12.306614563078028,0.253335,12.306614563078028,0.253335
21,5583,0.0,92.0,-0.0,74.4,-0.0,92.0,-0.0,57.0,59.28,-0.0,57.0,58.995,-0.0,59.4,61.182,-0.0,44.4,46.176,-0.0,52.2,54.81,-0.0,7.311345372633376,0.202027,7.311345372633376,0.202027,7.311345372633376,0.202027
22,6146,30.531125927675436,84.0,-0.0,64.8,-0.0,84.0,-0.0,54.0,56.16,-0.0,54.0,55.89,-0.0,51.6,53.148,-0.0,42.6,44.304,-0.0,52.2,54.81,-0.0,0.28884750000000015,0.2,0.28884750000000015,0.2,0.28884750000000015,0.2
23,6091,4.653806155662302,97.0,-0.0,43.2,-0.0,97.0,-0.0,49.2,51.168,-0.0,49.2,50.922,-0.0,41.4,42.642,-0.0,41.4,43.056,-0.0,51.6,54.18,-0.0,0.0,0.2,0.0,0.2,0.0,0.2
24,5127,0.0,97.0,-0.0,43.2,-0.0,97.0,-0.0,45.0,46.8,-0.0,45.0,46.575,-0.0,31.8,32.754,-0.0,41.4,43.056,-0.0,50.4,52.92,-0.0,-5.026395594460913,0.231834,-5.026395594460913,0.231834,-5.026395594460913,0.231834
