timestep,convergence_iteration,DG1_value,DG2_value,DG3_value,DG4_value,DG5_value,DG6_value,DG7_value,DG8_value,DG9_value,DG10_value,DG11_value,RES1_value,RES1_curtail,RES2_value,RES2_curtail,RES3_value,RES3_curtail,RES4_value,RES4_curtail,RES5_value,RES5_curtail,RES6_value,RES6_curtail,RES7_value,RES7_curtail,RES8_value,RES8_curtail,RES9_value,RES9_curtail,RES10_value,RES10_curtail,RES11_value,RES11_curtail,RES12_value,RES12_curtail,RES13_value,RES13_curtail,RES14_value,RES14_curtail,RES15_value,RES15_curtail,RES16_value,RES16_curtail,RES17_value,RES17_curtail,RES18_value,RES18_curtail,RES19_value,RES19_curtail,LOAD1_value,LOAD1_loss,LOAD1_shed,LOAD2_value,LOAD2_loss,LOAD2_shed,LOAD3_value,LOAD3_loss,LOAD3_shed,LOAD4_value,LOAD4_loss,LOAD4_shed,LOAD5_value,LOAD5_loss,LOAD5_shed,LOAD6_value,LOAD6_loss,LOAD6_shed,LOAD7_value,LOAD7_loss,LOAD7_shed,LOAD8_value,LOAD8_loss,LOAD8_shed,LOAD9_value,LOAD9_loss,LOAD9_shed,LOAD10_value,LOAD10_loss,LOAD10_shed,LOAD11_value,LOAD11_loss,LOAD11_shed,LOAD12_value,LOAD12_loss,LOAD12_shed,LOAD13_value,LOAD13_loss,LOAD13_shed,LOAD14_value,LOAD14_loss,LOAD14_shed,LOAD15_value,LOAD15_loss,LOAD15_shed,LOAD16_value,LOAD16_loss,LOAD16_shed,LOAD17_value,LOAD17_loss,LOAD17_shed,LOAD18_value,LOAD18_loss,LOAD18_shed,LOAD19_value,LOAD19_loss,LOAD19_shed,LOAD20_value,LOAD20_loss,LOAD20_shed,LOAD21_value,LOAD21_loss,LOAD21_shed,LOAD22_value,LOAD22_loss,LOAD22_shed,LOAD23_value,LOAD23_loss,LOAD23_shed,LOAD24_value,LOAD24_loss,LOAD24_shed,LOAD25_value,LOAD25_loss,LOAD25_shed,LOAD26_value,LOAD26_loss,LOAD26_shed,LOAD27_value,LOAD27_loss,LOAD27_shed,LOAD28_value,LOAD28_loss,LOAD28_shed,LOAD29_value,LOAD29_loss,LOAD29_shed,LOAD30_value,LOAD30_loss,LOAD30_shed,LOAD31_value,LOAD31_loss,LOAD31_shed,LOAD32_value,LOAD32_loss,LOAD32_shed,LOAD33_value,LOAD33_loss,LOAD33_shed,LOAD34_value,LOAD34_loss,LOAD34_shed,LOAD35_value,LOAD35_loss,LOAD35_shed,LOAD36_value,LOAD36_loss,LOAD36_shed,LOAD37_value,LOAD37_loss,LOAD37_shed,LOAD38_value,LOAD38_loss,LOAD38_shed,LOAD39_value,LOAD39_loss,LOAD39_shed,LOAD40_value,LOAD40_loss,LOAD40_shed,LOAD41_value,LOAD41_loss,LOAD41_shed,LOAD42_value,LOAD42_loss,LOAD42_shed,LOAD43_value,LOAD43_loss,LOAD43_shed,LOAD44_value,LOAD44_loss,LOAD44_shed,LOAD45_value,LOAD45_loss,LOAD45_shed,LOAD46_value,LOAD46_loss,LOAD46_shed,LOAD47_value,LOAD47_loss,LOAD47_shed,LOAD48_value,LOAD48_loss,LOAD48_shed,LOAD49_value,LOAD49_loss,LOAD49_shed,LOAD50_value,LOAD50_loss,LOAD50_shed,LOAD51_value,LOAD51_loss,LOAD51_shed,LOAD52_value,LOAD52_loss,LOAD52_shed,LOAD53_value,LOAD53_loss,LOAD53_shed,LOAD54_value,LOAD54_loss,LOAD54_shed,LOAD55_value,LOAD55_loss,LOAD55_shed,LOAD56_value,LOAD56_loss,LOAD56_shed,LOAD57_value,LOAD57_loss,LOAD57_shed,LOAD58_value,LOAD58_loss,LOAD58_shed,LOAD59_value,LOAD59_loss,LOAD59_shed,LOAD60_value,LOAD60_loss,LOAD60_shed,LOAD61_value,LOAD61_loss,LOAD61_shed,LOAD62_value,LOAD62_loss,LOAD62_shed,LOAD63_value,LOAD63_loss,LOAD63_shed,LOAD64_value,LOAD64_loss,LOAD64_shed,LOAD65_value,LOAD65_loss,LOAD65_shed,LOAD66_value,LOAD66_loss,LOAD66_shed,LOAD67_value,LOAD67_loss,LOAD67_shed,LOAD68_value,LOAD68_loss,LOAD68_shed,LOAD69_value,LOAD69_loss,LOAD69_shed,LOAD70_value,LOAD70_loss,LOAD70_shed,LOAD71_value,LOAD71_loss,LOAD71_shed,LOAD72_value,LOAD72_loss,LOAD72_shed,LOAD73_value,LOAD73_loss,LOAD73_shed,LOAD74_value,LOAD74_loss,LOAD74_shed,LOAD75_value,LOAD75_loss,LOAD75_shed,LOAD76_value,LOAD76_loss,LOAD76_shed,LOAD77_value,LOAD77_loss,LOAD77_shed,LOAD78_value,LOAD78_loss,LOAD78_shed,LOAD79_value,LOAD79_loss,LOAD79_shed,LOAD80_value,LOAD80_loss,LOAD80_shed,LOAD81_value,LOAD81_loss,LOAD81_shed,LOAD82_value,LOAD82_loss,LOAD82_shed,LOAD83_value,LOAD83_loss,LOAD83_shed,LOAD84_value,LOAD84_loss,LOAD84_shed,LOAD85_value,LOAD85_loss,LOAD85_shed,ESS1_value,ESS1_soc,ESS2_value,ESS2_soc,ESS3_value,ESS3_soc,ESS4_value,ESS4_soc,ESS5_value,ESS5_soc,ESS6_value,ESS6_soc,ESS7_value,ESS7_soc,ESS8_value,ESS8_soc,ESS9_value,ESS9_soc,ESS10_value,ESS10_soc,ESS11_value,ESS11_soc,ESS12_value,ESS12_soc,ESS13_value,ESS13_soc,ESS14_value,ESS14_soc,ESS15_value,ESS15_soc,ESS16_value,ESS16_soc,ESS17_value,ESS17_soc,ESS18_value,ESS18_soc,ESS19_value,ESS19_soc
1,6160,180.5320675466046,152.09956923416016,155.5729430466664,160.97109525416252,160.97109525416252,180.5320675466046,152.09956923416016,155.5729430466664,160.97109525416252,160.97109525416252,152.09956923416016,0.0,-0.0,555.0,-0.0,0.0,-0.0,740.0,-0.0,0.0,-0.0,555.0,-0.0,0.0,-0.0,0.0,-0.0,555.0,-0.0,0.0,-0.0,370.0,-0.0,0.0,-0.0,555.0,-0.0,0.0,-0.0,0.0,-0.0,555.0,-0.0,0.0,-0.0,370.0,-0.0,0.0,-0.0,85.2,88.608,-0.0,42.6,43.878,-0.0,85.2,88.608,-0.0,42.6,44.73,-0.0,85.2,88.182,-0.0,42.6,44.304,-0.0,85.2,87.756,-0.0,42.6,44.304,-0.0,85.2,89.46,-0.0,42.6,44.091,-0.0,85.2,88.608,-0.0,42.6,43.878,-0.0,85.2,88.608,-0.0,85.2,89.46,-0.0,51.6,53.406,-0.0,51.6,53.664,-0.0,51.6,53.148,-0.0,51.6,53.664,-0.0,51.6,54.18,-0.0,25.8,26.703,-0.0,25.8,26.832,-0.0,51.6,53.148,-0.0,51.6,53.664,-0.0,51.6,54.18,-0.0,81.6,84.456,-0.0,40.8,42.432,-0.0,40.8,42.024,-0.0,40.8,42.432,-0.0,40.8,42.84,-0.0,81.6,84.456,-0.0,40.8,42.432,-0.0,40.8,42.024,-0.0,214.2,220.626,-0.0,122.4,127.296,-0.0,163.2,171.36,-0.0,81.6,84.456,-0.0,40.8,42.432,-0.0,81.6,84.048,-0.0,81.6,84.864,-0.0,40.8,42.84,-0.0,40.8,42.228,-0.0,40.8,42.432,-0.0,40.8,42.024,-0.0,40.8,42.432,-0.0,97.2,102.06,-0.0,97.2,100.602,-0.0,182.25,189.54,-0.0,340.2,350.406,-0.0,182.25,189.54,-0.0,48.6,51.03,-0.0,97.2,100.602,-0.0,48.6,50.544,-0.0,97.2,100.116,-0.0,97.2,101.088,-0.0,97.2,102.06,-0.0,97.2,100.602,-0.0,97.2,101.088,-0.0,97.2,100.116,-0.0,97.2,101.088,-0.0,97.2,102.06,-0.0,97.2,100.602,-0.0,48.6,50.544,-0.0,48.6,50.058,-0.0,97.2,100.116,-0.0,40.8,42.432,-0.0,97.2,102.06,-0.0,97.2,100.602,-0.0,97.2,101.088,-0.0,97.2,100.116,-0.0,97.2,101.088,-0.0,48.6,51.03,-0.0,48.6,50.301,-0.0,97.2,101.088,-0.0,97.2,100.116,-0.0,97.2,101.088,-0.0,48.6,51.03,-0.0,97.2,100.602,-0.0,97.2,101.088,-0.0,97.2,100.116,-0.0,97.2,101.088,-0.0,97.2,102.06,-0.0,48.6,50.301,-0.0,48.6,50.544,-0.0,97.2,100.116,-0.0,48.6,50.544,-0.0,23.749999999999993,0.2,23.749999999999993,0.2,47.499999999999986,0.2,47.499999999999986,0.2,47.499999999999986,0.2,71.24999999999999,0.2,71.24999999999999,0.2,23.749999999999993,0.2,23.749999999999993,0.2,47.499999999999986,0.2,47.499999999999986,0.2,75.95956299829975,0.220043,71.24999999999999,0.2,71.24999999999999,0.2,23.749999999999993,0.2,23.749999999999993,0.2,47.499999999999986,0.2,47.499999999999986,0.2,47.499999999999986,0.2
2,606,200.0,200.0,200.0,200.0,200.0,200.0,200.0,200.0,200.0,200.0,200.0,0.0,-0.0,555.0,-0.0,0.0,-0.0,740.0,-0.0,0.0,-0.0,555.0,-0.0,0.0,-0.0,0.0,-0.0,555.0,-0.0,0.0,-0.0,370.0,-0.0,0.0,-0.0,555.0,-0.0,0.0,-0.0,0.0,-0.0,555.0,-0.0,0.0,-0.0,370.0,-0.0,0.0,-0.0,82.8,86.112,-4.287379,41.4,42.642,-4.287379,82.8,86.112,-4.287379,41.4,43.47,-4.287379,82.8,85.698,-4.287379,41.4,43.056,-4.287379,82.8,85.284,-4.287379,41.4,43.056,-4.287379,82.8,86.94,-4.287379,41.4,42.849,-4.287379,82.8,86.112,-4.287379,41.4,42.642,-4.287379,82.8,86.112,-4.287379,82.8,86.94,-4.287379,46.8,48.438,-4.287379,46.8,48.672,-4.287379,46.8,48.204,-4.287379,46.8,48.672,-4.287379,46.8,49.14,-4.287379,23.4,24.219,-4.287379,23.4,24.336,-4.287379,46.8,48.204,-4.287379,46.8,48.672,-4.287379,46.8,49.14,-4.287379,81.6,84.456,-4.287379,40.8,42.432,-4.287379,40.8,42.024,-4.287379,40.8,42.432,-4.287379,40.8,42.84,-4.287379,81.6,84.456,-4.287379,40.8,42.432,-4.287379,40.8,42.024,-4.287379,214.2,220.626,-4.287379,122.4,127.296,-4.287379,163.2,171.36,-4.287379,81.6,84.456,-4.287379,40.8,42.432,-4.287379,81.6,84.048,-4.287379,81.6,84.864,-4.287379,40.8,42.84,-4.287379,40.8,42.228,-4.287379,40.8,42.432,-4.287379,40.8,42.024,-4.287379,40.8,42.432,-4.287379,97.2,102.06,-4.287379,97.2,100.602,-4.287379,182.25,189.54,-4.287379,340.2,350.406,-4.287379,182.25,189.54,-4.287379,48.6,51.03,-4.287379,97.2,100.602,-4.287379,48.6,50.544,-4.287379,97.2,100.116,-4.287379,97.2,101.088,-4.287379,97.2,102.06,-4.287379,97.2,100.602,-4.287379,97.2,101.088,-4.287379,97.2,100.116,-4.287379,97.2,101.088,-4.287379,97.2,102.06,-4.287379,97.2,100.602,-4.287379,48.6,50.544,-4.287379,48.6,50.058,-4.287379,97.2,100.116,-4.287379,40.8,42.432,-4.287379,97.2,102.06,-4.287379,97.2,100.602,-4.287379,97.2,101.088,-4.287379,97.2,100.116,-4.287379,97.2,101.088,-4.287379,48.6,51.03,-4.287379,48.6,50.301,-4.287379,97.2,101.088,-4.287379,97.2,100.116,-4.287379,97.2,101.088,-4.287379,48.6,51.03,-4.287379,97.2,100.602,-4.287379,97.2,101.088,-4.287379,97.2,100.116,-4.287379,97.2,101.088,-4.287379,97.2,102.06,-4.287379,48.6,50.301,-4.287379,48.6,50.544,-4.287379,97.2,100.116,-4.287379,48.6,50.544,-4.287379,0.0,0.2,0.0,0.2,0.0,0.2,0.0,0.2,0.0,0.2,0.0,0.2,0.0,0.2,0.0,0.2,0.0,0.2,0.0,0.2,0.0,0.2,19.040849999999978,0.2,0.0,0.2,0.0,0.2,0.0,0.2,0.0,0.2,0.0,0.2,0.0,0.2,0.0,0.2
3,605,200.0,200.0,200.0,200.0,200.0,200.0,200.0,200.0,200.0,200.0,200.0,0.0,-0.0,450.0,-0.0,0.0,-0.0,600.0,-0.0,0.0,-0.0,450.0,-0.0,0.0,-0.0,0.0,-0.0,450.0,-0.0,0.0,-0.0,300.0,-0.0,0.0,-0.0,450.0,-0.0,0.0,-0.0,0.0,-0.0,450.0,-0.0,0.0,-0.0,300.0,-0.0,0.0,-0.0,81.6,84.864,-13.112503,40.8,42.024,-13.112503,81.6,84.864,-13.112503,40.8,42.84,-13.112503,81.6,84.456,-13.112503,40.8,42.432,-13.112503,81.6,84.048,-13.112503,40.8,42.432,-13.112503,81.6,85.68,-13.112503,40.8,42.228,-13.112503,81.6,84.864,-13.112503,40.8,42.024,-13.112503,81.6,84.864,-13.112503,81.6,85.68,-13.112503,45.6,47.196,-13.112503,45.6,47.424,-13.112503,45.6,46.968,-13.112503,45.6,47.424,-13.112503,45.6,47.88,-13.112503,22.8,23.598,-13.112503,22.8,23.712,-13.112503,45.6,46.968,-13.112503,45.6,47.424,-13.112503,45.6,47.88,-13.112503,81.6,84.456,-13.112503,40.8,42.432,-13.112503,40.8,42.024,-13.112503,40.8,42.432,-13.112503,40.8,42.84,-13.112503,81.6,84.456,-13.112503,40.8,42.432,-13.112503,40.8,42.024,-13.112503,214.2,220.626,-13.112503,122.4,127.296,-13.112503,163.2,171.36,-13.112503,81.6,84.456,-13.112503,40.8,42.432,-13.112503,81.6,84.048,-13.112503,81.6,84.864,-13.112503,40.8,42.84,-13.112503,40.8,42.228,-13.112503,40.8,42.432,-13.112503,40.8,42.024,-13.112503,40.8,42.432,-13.112503,96.0,100.8,-13.112503,96.0,99.36,-13.112503,180.0,187.2,-13.112503,336.0,346.08,-13.112503,180.0,187.2,-13.112503,48.0,50.4,-13.112503,96.0,99.36,-13.112503,48.0,49.92,-13.112503,96.0,98.88,-13.112503,96.0,99.84,-13.112503,96.0,100.8,-13.112503,96.0,99.36,-13.112503,96.0,99.84,-13.112503,96.0,98.88,-13.112503,96.0,99.84,-13.112503,96.0,100.8,-13.112503,96.0,99.36,-13.112503,48.0,49.92,-13.112503,48.0,49.44,-13.112503,96.0,98.88,-13.112503,40.8,42.432,-13.112503,96.0,100.8,-13.112503,96.0,99.36,-13.112503,96.0,99.84,-13.112503,96.0,98.88,-13.112503,96.0,99.84,-13.112503,48.0,50.4,-13.112503,48.0,49.68,-13.112503,96.0,99.84,-13.112503,96.0,98.88,-13.112503,96.0,99.84,-13.112503,48.0,50.4,-13.112503,96.0,99.36,-13.112503,96.0,99.84,-13.112503,96.0,98.88,-13.112503,96.0,99.84,-13.112503,96.0,100.8,-13.112503,48.0,49.68,-13.112503,48.0,49.92,-13.112503,96.0,98.88,-13.112503,48.0,49.92,-13.112503,0.0,0.2,0.0,0.2,0.0,0.2,0.0,0.2,0.0,0.2,0.0,0.2,0.0,0.2,0.0,0.2,0.0,0.2,0.0,0.2,0.0,0.2,0.0,0.2,0.0,0.2,0.0,0.2,0.0,0.2,0.0,0.2,0.0,0.2,0.0,0.2,0.0,0.2
4,65,200.0,200.0,200.0,200.0,200.0,200.0,200.0,200.0,200.0,200.0,200.0,0.0,-0.0,270.0,-0.0,0.0,-0.0,360.0,-0.0,0.0,-0.0,270.0,-0.0,0.0,-0.0,0.0,-0.0,270.0,-0.0,0.0,-0.0,180.0,-0.0,0.0,-0.0,270.0,-0.0,0.0,-0.0,0.0,-0.0,270.0,-0.0,0.0,-0.0,180.0,-0.0,0.0,-0.0,82.8,86.112,-28.086329,41.4,42.642,-28.086329,82.8,86.112,-28.086329,41.4,43.47,-28.086329,82.8,85.698,-28.086329,41.4,43.056,-28.086329,82.8,85.284,-28.086329,41.4,43.056,-28.086329,82.8,86.94,-28.086329,41.4,42.849,-28.086329,82.8,86.112,-28.086329,41.4,42.642,-28.086329,82.8,86.112,-28.086329,82.8,86.94,-28.086329,45.6,47.196,-28.086329,45.6,47.424,-28.086329,45.6,46.968,-28.086329,45.6,47.424,-28.086329,45.6,47.88,-28.086329,22.8,23.598,-23.598,22.8,23.712,-23.712,45.6,46.968,-28.086329,45.6,47.424,-28.086329,45.6,47.88,-28.086329,85.2,88.182,-28.086329,42.6,44.304,-28.086329,42.6,43.878,-28.086329,42.6,44.304,-28.086329,42.6,44.73,-28.086329,85.2,88.182,-28.086329,42.6,44.304,-28.086329,42.6,43.878,-28.086329,223.65,230.3595,-28.086329,127.8,132.912,-28.086329,170.4,178.92,-28.086329,85.2,88.182,-28.086329,42.6,44.304,-28.086329,85.2,87.756,-28.086329,85.2,88.608,-28.086329,42.6,44.73,-28.086329,42.6,44.091,-28.086329,42.6,44.304,-28.086329,42.6,43.878,-28.086329,42.6,44.304,-28.086329,91.2,95.76,-28.086329,91.2,94.392,-28.086329,171.0,177.84,-28.086329,319.2,328.776,-28.086329,171.0,177.84,-28.086329,45.6,47.88,-28.086329,91.2,94.392,-28.086329,45.6,47.424,-28.086329,91.2,93.936,-28.086329,91.2,94.848,-28.086329,91.2,95.76,-28.086329,91.2,94.392,-28.086329,91.2,94.848,-28.086329,91.2,93.936,-28.086329,91.2,94.848,-28.086329,91.2,95.76,-28.086329,91.2,94.392,-28.086329,45.6,47.424,-28.086329,45.6,46.968,-28.086329,91.2,93.936,-28.086329,42.6,44.304,-28.086329,91.2,95.76,-28.086329,91.2,94.392,-28.086329,91.2,94.848,-28.086329,91.2,93.936,-28.086329,91.2,94.848,-28.086329,45.6,47.88,-28.086329,45.6,47.196,-28.086329,91.2,94.848,-28.086329,91.2,93.936,-28.086329,91.2,94.848,-28.086329,45.6,47.88,-28.086329,91.2,94.392,-28.086329,91.2,94.848,-28.086329,91.2,93.936,-28.086329,91.2,94.848,-28.086329,91.2,95.76,-28.086329,45.6,47.196,-28.086329,45.6,47.424,-28.086329,91.2,93.936,-28.086329,45.6,47.424,-28.086329,0.0,0.2,0.0,0.2,0.0,0.2,0.0,0.2,0.0,0.2,0.0,0.2,0.0,0.2,0.0,0.2,0.0,0.2,0.0,0.2,0.0,0.2,0.0,0.2,0.0,0.2,0.0,0.2,0.0,0.2,0.0,0.2,0.0,0.2,0.0,0.2,0.0,0.2
5,53,200.0,200.0,200.0,200.0,200.0,200.0,200.0,200.0,200.0,200.0,200.0,0.0,-0.0,127.5,-0.0,0.0,-0.0,170.0,-0.0,0.0,-0.0,127.5,-0.0,0.0,-0.0,0.0,-0.0,127.5,-0.0,0.0,-0.0,85.0,-0.0,0.0,-0.0,127.5,-0.0,0.0,-0.0,0.0,-0.0,127.5,-0.0,0.0,-0.0,85.0,-0.0,0.0,-0.0,85.2,88.608,-42.792031,42.6,43.878,-42.792031,85.2,88.608,-42.792031,42.6,44.73,-42.792031,85.2,88.182,-42.792031,42.6,44.304,-42.792031,85.2,87.756,-42.792031,42.6,44.304,-42.792031,85.2,89.46,-42.792031,42.6,44.091,-42.792031,85.2,88.608,-42.792031,42.6,43.878,-42.792031,85.2,88.608,-42.792031,85.2,89.46,-42.792031,46.8,48.438,-42.792031,46.8,48.672,-42.792031,46.8,48.204,-42.792031,46.8,48.672,-42.792031,46.8,49.14,-42.792031,23.4,24.219,-24.219,23.4,24.336,-24.336,46.8,48.204,-42.792031,46.8,48.672,-42.792031,46.8,49.14,-42.792031,87.6,90.666,-42.792031,43.8,45.552,-42.792031,43.8,45.114,-42.792031,43.8,45.552,-42.792031,43.8,45.99,-42.792031,87.6,90.666,-42.792031,43.8,45.552,-42.792031,43.8,45.114,-42.792031,229.95,236.8485,-42.792031,131.4,136.656,-42.792031,175.2,183.96,-42.792031,87.6,90.666,-42.792031,43.8,45.552,-42.792031,87.6,90.228,-42.792031,87.6,91.104,-42.792031,43.8,45.99,-42.792031,43.8,45.333,-42.792031,43.8,45.552,-42.792031,43.8,45.114,-42.792031,43.8,45.552,-42.792031,92.4,97.02,-42.792031,92.4,95.634,-42.792031,173.25,180.18,-42.792031,323.4,333.102,-42.792031,173.25,180.18,-42.792031,46.2,48.51,-42.792031,92.4,95.634,-42.792031,46.2,48.048,-42.792031,92.4,95.172,-42.792031,92.4,96.096,-42.792031,92.4,97.02,-42.792031,92.4,95.634,-42.792031,92.4,96.096,-42.792031,92.4,95.172,-42.792031,92.4,96.096,-42.792031,92.4,97.02,-42.792031,92.4,95.634,-42.792031,46.2,48.048,-42.792031,46.2,47.586,-42.792031,92.4,95.172,-42.792031,43.8,45.552,-42.792031,92.4,97.02,-42.792031,92.4,95.634,-42.792031,92.4,96.096,-42.792031,92.4,95.172,-42.792031,92.4,96.096,-42.792031,46.2,48.51,-42.792031,46.2,47.817,-42.792031,92.4,96.096,-42.792031,92.4,95.172,-42.792031,92.4,96.096,-42.792031,46.2,48.51,-42.792031,92.4,95.634,-42.792031,92.4,96.096,-42.792031,92.4,95.172,-42.792031,92.4,96.096,-42.792031,92.4,97.02,-42.792031,46.2,47.817,-42.792031,46.2,48.048,-42.792031,92.4,95.172,-42.792031,46.2,48.048,-42.792031,0.0,0.2,0.0,0.2,0.0,0.2,0.0,0.2,0.0,0.2,0.0,0.2,0.0,0.2,0.0,0.2,0.0,0.2,0.0,0.2,0.0,0.2,0.0,0.2,0.0,0.2,0.0,0.2,0.0,0.2,0.0,0.2,0.0,0.2,0.0,0.2,0.0,0.2
6,80,200.0,200.0,200.0,200.0,200.0,200.0,200.0,200.0,200.0,200.0,200.0,0.0,-0.0,90.0,-0.0,0.0,-0.0,120.0,-0.0,0.0,-0.0,90.0,-0.0,0.0,-0.0,0.0,-0.0,90.0,-0.0,0.0,-0.0,60.0,-0.0,0.0,-0.0,90.0,-0.0,0.0,-0.0,0.0,-0.0,90.0,-0.0,0.0,-0.0,60.0,-0.0,0.0,-0.0,93.6,97.344,-53.589305,46.8,48.204,-48.204,93.6,97.344,-53.589305,46.8,49.14,-49.14,93.6,96.876,-53.589305,46.8,48.672,-48.672,93.6,96.408,-53.589305,46.8,48.672,-48.672,93.6,98.28,-53.589305,46.8,48.438,-48.438,93.6,97.344,-53.589305,46.8,48.204,-48.204,93.6,97.344,-53.589305,93.6,98.28,-53.589305,55.2,57.132,-53.589305,55.2,57.408,-53.589305,55.2,56.856,-53.589305,55.2,57.408,-53.589305,55.2,57.96,-53.589305,27.6,28.566,-28.566,27.6,28.704,-28.704,55.2,56.856,-53.589305,55.2,57.408,-53.589305,55.2,57.96,-53.589305,98.4,101.844,-53.589305,49.2,51.168,-51.168,49.2,50.676,-50.676,49.2,51.168,-51.168,49.2,51.66,-51.66,98.4,101.844,-53.589305,49.2,51.168,-51.168,49.2,50.676,-50.676,258.3,266.049,-53.589305,147.6,153.504,-53.589305,196.8,206.64,-53.589305,98.4,101.844,-53.589305,49.2,51.168,-51.168,98.4,101.352,-53.589305,98.4,102.336,-53.589305,49.2,51.66,-51.66,49.2,50.922,-50.922,49.2,51.168,-51.168,49.2,50.676,-50.676,49.2,51.168,-51.168,96.0,100.8,-53.589305,96.0,99.36,-53.589305,180.0,187.2,-53.589305,336.0,346.08,-53.589305,180.0,187.2,-53.589305,48.0,50.4,-50.4,96.0,99.36,-53.589305,48.0,49.92,-49.92,96.0,98.88,-53.589305,96.0,99.84,-53.589305,96.0,100.8,-53.589305,96.0,99.36,-53.589305,96.0,99.84,-53.589305,96.0,98.88,-53.589305,96.0,99.84,-53.589305,96.0,100.8,-53.589305,96.0,99.36,-53.589305,48.0,49.92,-49.92,48.0,49.44,-49.44,96.0,98.88,-53.589305,49.2,51.168,-51.168,96.0,100.8,-53.589305,96.0,99.36,-53.589305,96.0,99.84,-53.589305,96.0,98.88,-53.589305,96.0,99.84,-53.589305,48.0,50.4,-50.4,48.0,49.68,-49.68,96.0,99.84,-53.589305,96.0,98.88,-53.589305,96.0,99.84,-53.589305,48.0,50.4,-50.4,96.0,99.36,-53.589305,96.0,99.84,-53.589305,96.0,98.88,-53.589305,96.0,99.84,-53.589305,96.0,100.8,-53.589305,48.0,49.68,-49.68,48.0,49.92,-49.92,96.0,98.88,-53.589305,48.0,49.92,-49.92,0.0,0.2,0.0,0.2,0.0,0.2,0.0,0.2,0.0,0.2,0.0,0.2,0.0,0.2,0.0,0.2,0.0,0.2,0.0,0.2,0.0,0.2,0.0,0.2,0.0,0.2,0.0,0.2,0.0,0.2,0.0,0.2,0.0,0.2,0.0,0.2,0.0,0.2
7,79,200.0,200.0,200.0,200.0,200.0,200.0,200.0,200.0,200.0,200.0,200.0,0.0,-0.0,127.5,-0.0,0.0,-0.0,170.0,-0.0,0.0,-0.0,127.5,-0.0,0.0,-0.0,0.0,-0.0,127.5,-0.0,0.0,-0.0,85.0,-0.0,0.0,-0.0,127.5,-0.0,0.0,-0.0,0.0,-0.0,127.5,-0.0,0.0,-0.0,85.0,-0.0,0.0,-0.0,104.4,108.576,-58.290618,52.2,53.766,-53.766,104.4,108.576,-58.290618,52.2,54.81,-54.81,104.4,108.054,-58.290618,52.2,54.288,-54.288,104.4,107.532,-58.290618,52.2,54.288,-54.288,104.4,109.62,-58.290618,52.2,54.027,-54.027,104.4,108.576,-58.290618,52.2,53.766,-53.766,104.4,108.576,-58.290618,104.4,109.62,-58.290618,67.2,69.552,-58.290618,67.2,69.888,-58.290618,67.2,69.216,-58.290618,67.2,69.888,-58.290618,67.2,70.56,-58.290618,33.6,34.776,-34.776,33.6,34.944,-34.944,67.2,69.216,-58.290618,67.2,69.888,-58.290618,67.2,70.56,-58.290618,110.4,114.264,-58.290618,55.2,57.408,-57.408,55.2,56.856,-56.856,55.2,57.408,-57.408,55.2,57.96,-57.96,110.4,114.264,-58.290618,55.2,57.408,-57.408,55.2,56.856,-56.856,289.8,298.494,-58.290618,165.6,172.224,-58.290618,220.8,231.84,-58.290618,110.4,114.264,-58.290618,55.2,57.408,-57.408,110.4,113.712,-58.290618,110.4,114.816,-58.290618,55.2,57.96,-57.96,55.2,57.132,-57.132,55.2,57.408,-57.408,55.2,56.856,-56.856,55.2,57.408,-57.408,102.0,107.1,-58.290618,102.0,105.57,-58.290618,191.25,198.9,-58.290618,357.0,367.71,-58.290618,191.25,198.9,-58.290618,51.0,53.55,-53.55,102.0,105.57,-58.290618,51.0,53.04,-53.04,102.0,105.06,-58.290618,102.0,106.08,-58.290618,102.0,107.1,-58.290618,102.0,105.57,-58.290618,102.0,106.08,-58.290618,102.0,105.06,-58.290618,102.0,106.08,-58.290618,102.0,107.1,-58.290618,102.0,105.57,-58.290618,51.0,53.04,-53.04,51.0,52.53,-52.53,102.0,105.06,-58.290618,55.2,57.408,-57.408,102.0,107.1,-58.290618,102.0,105.57,-58.290618,102.0,106.08,-58.290618,102.0,105.06,-58.290618,102.0,106.08,-58.290618,51.0,53.55,-53.55,51.0,52.785,-52.785,102.0,106.08,-58.290618,102.0,105.06,-58.290618,102.0,106.08,-58.290618,51.0,53.55,-53.55,102.0,105.57,-58.290618,102.0,106.08,-58.290618,102.0,105.06,-58.290618,102.0,106.08,-58.290618,102.0,107.1,-58.290618,51.0,52.785,-52.785,51.0,53.04,-53.04,102.0,105.06,-58.290618,51.0,53.04,-53.04,0.0,0.2,0.0,0.2,0.0,0.2,0.0,0.2,0.0,0.2,0.0,0.2,0.0,0.2,0.0,0.2,0.0,0.2,0.0,0.2,0.0,0.2,0.0,0.2,0.0,0.2,0.0,0.2,0.0,0.2,0.0,0.2,0.0,0.2,0.0,0.2,0.0,0.2
8,44,200.0,200.0,200.0,200.0,200.0,200.0,200.0,200.0,200.0,200.0,200.0,280.0,-0.0,120.0,-0.0,140.0,-0.0,160.0,-0.0,210.0,-0.0,120.0,-0.0,140.0,-0.0,140.0,-0.0,120.0,-0.0,280.0,-0.0,80.0,-0.0,280.0,-0.0,120.0,-0.0,140.0,-0.0,210.0,-0.0,120.0,-0.0,280.0,-0.0,80.0,-0.0,280.0,-0.0,110.4,114.816,-35.529534,55.2,56.856,-35.529534,110.4,114.816,-35.529534,55.2,57.96,-35.529534,110.4,114.264,-35.529534,55.2,57.408,-35.529534,110.4,113.712,-35.529534,55.2,57.408,-35.529534,110.4,115.92,-35.529534,55.2,57.132,-35.529534,110.4,114.816,-35.529534,55.2,56.856,-35.529534,110.4,114.816,-35.529534,110.4,115.92,-35.529534,72.0,74.52,-35.529534,72.0,74.88,-35.529534,72.0,74.16,-35.529534,72.0,74.88,-35.529534,72.0,75.6,-35.529534,36.0,37.26,-35.529534,36.0,37.44,-35.529534,72.0,74.16,-35.529534,72.0,74.88,-35.529534,72.0,75.6,-35.529534,114.0,117.99,-35.529534,57.0,59.28,-35.529534,57.0,58.71,-35.529534,57.0,59.28,-35.529534,57.0,59.85,-35.529534,114.0,117.99,-35.529534,57.0,59.28,-35.529534,57.0,58.71,-35.529534,299.25,308.2275,-35.529534,171.0,177.84,-35.529534,228.0,239.4,-35.529534,114.0,117.99,-35.529534,57.0,59.28,-35.529534,114.0,117.42,-35.529534,114.0,118.56,-35.529534,57.0,59.85,-35.529534,57.0,58.995,-35.529534,57.0,59.28,-35.529534,57.0,58.71,-35.529534,57.0,59.28,-35.529534,110.4,115.92,-35.529534,110.4,114.264,-35.529534,207.0,215.28,-35.529534,386.4,397.992,-35.529534,207.0,215.28,-35.529534,55.2,57.96,-35.529534,110.4,114.264,-35.529534,55.2,57.408,-35.529534,110.4,113.712,-35.529534,110.4,114.816,-35.529534,110.4,115.92,-35.529534,110.4,114.264,-35.529534,110.4,114.816,-35.529534,110.4,113.712,-35.529534,110.4,114.816,-35.529534,110.4,115.92,-35.529534,110.4,114.264,-35.529534,55.2,57.408,-35.529534,55.2,56.856,-35.529534,110.4,113.712,-35.529534,57.0,59.28,-35.529534,110.4,115.92,-35.529534,110.4,114.264,-35.529534,110.4,114.816,-35.529534,110.4,113.712,-35.529534,110.4,114.816,-35.529534,55.2,57.96,-35.529534,55.2,57.132,-35.529534,110.4,114.816,-35.529534,110.4,113.712,-35.529534,110.4,114.816,-35.529534,55.2,57.96,-35.529534,110.4,114.264,-35.529534,110.4,114.816,-35.529534,110.4,113.712,-35.529534,110.4,114.816,-35.529534,110.4,115.92,-35.529534,55.2,57.132,-35.529534,55.2,57.408,-35.529534,110.4,113.712,-35.529534,55.2,57.408,-35.529534,0.0,0.2,0.0,0.2,0.0,0.2,0.0,0.2,0.0,0.2,0.0,0.2,0.0,0.2,0.0,0.2,0.0,0.2,0.0,0.2,0.0,0.2,0.0,0.2,0.0,0.2,0.0,0.2,0.0,0.2,0.0,0.2,0.0,0.2,0.0,0.2,0.0,0.2
9,1211,200.0,200.0,200.0,200.0,200.0,200.0,200.0,200.0,200.0,200.0,200.0,490.0,-0.0,300.0,-0.0,245.0,-0.0,400.0,-0.0,367.5,-0.0,300.0,-0.0,245.0,-0.0,245.0,-0.0,300.0,-0.0,490.0,-0.0,200.0,-0.0,490.0,-0.0,300.0,-0.0,245.0,-0.0,367.5,-0.0,300.0,-0.0,490.0,-0.0,200.0,-0.0,490.0,-0.0,108.0,112.32,-1.671415,54.0,55.62,-1.671415,108.0,112.32,-1.671415,54.0,56.7,-1.671415,108.0,111.78,-1.671415,54.0,56.16,-1.671415,108.0,111.24,-1.671415,54.0,56.16,-1.671415,108.0,113.4,-1.671415,54.0,55.89,-1.671415,108.0,112.32,-1.671415,54.0,55.62,-1.671415,108.0,112.32,-1.671415,108.0,113.4,-1.671415,67.2,69.552,-1.671415,67.2,69.888,-1.671415,67.2,69.216,-1.671415,67.2,69.888,-1.671415,67.2,70.56,-1.671415,33.6,34.776,-1.671415,33.6,34.944,-1.671415,67.2,69.216,-1.671415,67.2,69.888,-1.671415,67.2,70.56,-1.671415,117.6,121.716,-1.671415,58.8,61.152,-1.671415,58.8,60.564,-1.671415,58.8,61.152,-1.671415,58.8,61.74,-1.671415,117.6,121.716,-1.671415,58.8,61.152,-1.671415,58.8,60.564,-1.671415,308.7,317.961,-1.671415,176.4,183.456,-1.671415,235.2,246.96,-1.671415,117.6,121.716,-1.671415,58.8,61.152,-1.671415,117.6,121.128,-1.671415,117.6,122.304,-1.671415,58.8,61.74,-1.671415,58.8,60.858,-1.671415,58.8,61.152,-1.671415,58.8,60.564,-1.671415,58.8,61.152,-1.671415,117.6,123.48,-1.671415,117.6,121.716,-1.671415,220.5,229.32,-1.671415,411.6,423.948,-1.671415,220.5,229.32,-1.671415,58.8,61.74,-1.671415,117.6,121.716,-1.671415,58.8,61.152,-1.671415,117.6,121.128,-1.671415,117.6,122.304,-1.671415,117.6,123.48,-1.671415,117.6,121.716,-1.671415,117.6,122.304,-1.671415,117.6,121.128,-1.671415,117.6,122.304,-1.671415,117.6,123.48,-1.671415,117.6,121.716,-1.671415,58.8,61.152,-1.671415,58.8,60.564,-1.671415,117.6,121.128,-1.671415,58.8,61.152,-1.671415,117.6,123.48,-1.671415,117.6,121.716,-1.671415,117.6,122.304,-1.671415,117.6,121.128,-1.671415,117.6,122.304,-1.671415,58.8,61.74,-1.671415,58.8,60.858,-1.671415,117.6,122.304,-1.671415,117.6,121.128,-1.671415,117.6,122.304,-1.671415,58.8,61.74,-1.671415,117.6,121.716,-1.671415,117.6,122.304,-1.671415,117.6,121.128,-1.671415,117.6,122.304,-1.671415,117.6,123.48,-1.671415,58.8,60.858,-1.671415,58.8,61.152,-1.671415,117.6,121.128,-1.671415,58.8,61.152,-1.671415,0.0,0.2,0.0,0.2,0.0,0.2,0.0,0.2,0.0,0.2,0.0,0.2,0.0,0.2,0.0,0.2,0.0,0.2,0.0,0.2,0.0,0.2,0.0,0.2,0.0,0.2,0.0,0.2,0.0,0.2,0.0,0.2,0.0,0.2,0.0,0.2,0.0,0.2
10,5580,0.0,0.0,0.0,0.0,0.0,0.0,0.0,0.0,0.0,0.0,0.0,720.0,-0.0,397.5,-0.0,360.0,-0.0,530.0,-0.0,540.0,-0.0,397.5,-0.0,360.0,-0.0,360.0,-0.0,397.5,-0.0,720.0,-0.0,265.0,-0.0,720.0,-0.0,397.5,-0.0,360.0,-0.0,540.0,-0.0,397.5,-0.0,720.0,-0.0,265.0,-0.0,720.0,-0.0,104.4,108.576,-0.0,52.2,53.766,-0.0,104.4,108.576,-0.0,52.2,54.81,-0.0,104.4,108.054,-0.0,52.2,54.288,-0.0,104.4,107.532,-0.0,52.2,54.288,-0.0,104.4,109.62,-0.0,52.2,54.027,-0.0,104.4,108.576,-0.0,52.2,53.766,-0.0,104.4,108.576,-0.0,104.4,109.62,-0.0,63.6,65.826,-0.0,63.6,66.144,-0.0,63.6,65.508,-0.0,63.6,66.144,-0.0,63.6,66.78,-0.0,31.8,32.913,-0.0,31.8,33.072,-0.0,63.6,65.508,-0.0,63.6,66.144,-0.0,63.6,66.78,-0.0,118.8,122.958,-0.0,59.4,61.776,-0.0,59.4,61.182,-0.0,59.4,61.776,-0.0,59.4,62.37,-0.0,118.8,122.958,-0.0,59.4,61.776,-0.0,59.4,61.182,-0.0,311.85,321.2055,-0.0,178.2,185.328,-0.0,237.6,249.48,-0.0,118.8,122.958,-0.0,59.4,61.776,-0.0,118.8,122.364,-0.0,118.8,123.552,-0.0,59.4,62.37,-0.0,59.4,61.479,-0.0,59.4,61.776,-0.0,59.4,61.182,-0.0,59.4,61.776,-0.0,120.0,126.0,-0.0,120.0,124.2,-0.0,225.0,234.0,-0.0,420.0,432.6,-0.0,225.0,234.0,-0.0,60.0,63.0,-0.0,120.0,124.2,-0.0,60.0,62.4,-0.0,120.0,123.6,-0.0,120.0,124.8,-0.0,120.0,126.0,-0.0,120.0,124.2,-0.0,120.0,124.8,-0.0,120.0,123.6,-0.0,120.0,124.8,-0.0,120.0,126.0,-0.0,120.0,124.2,-0.0,60.0,62.4,-0.0,60.0,61.8,-0.0,120.0,123.6,-0.0,59.4,61.776,-0.0,120.0,126.0,-0.0,120.0,124.2,-0.0,120.0,124.8,-0.0,120.0,123.6,-0.0,120.0,124.8,-0.0,60.0,63.0,-0.0,60.0,62.1,-0.0,120.0,124.8,-0.0,120.0,123.6,-0.0,120.0,124.8,-0.0,60.0,63.0,-0.0,120.0,124.2,-0.0,120.0,124.8,-0.0,120.0,123.6,-0.0,120.0,124.8,-0.0,120.0,126.0,-0.0,60.0,62.1,-0.0,60.0,62.4,-0.0,120.0,123.6,-0.0,60.0,62.4,-0.0,-16.60711934737586,0.263107,-16.60711934737586,0.263107,-16.60711934737818,0.231554,-16.60711934737818,0.231554,-16.60711934737818,0.231554,-16.60711934737818,0.221036,-16.60711934737818,0.221036,-16.60711934737586,0.263107,-16.60711934737586,0.263107,-16.60711934737818,0.231554,-16.60711934737818,0.231554,-16.60711934737818,0.215776,-16.60711934737818,0.221036,-16.60711934737818,0.221036,-16.60711934737586,0.263107,-16.60711934737586,0.263107,-16.60711934737818,0.231554,-16.60711934737818,0.231554,-16.60711934737818,0.231554
11,5621,0.0,0.0,0.0,0.0,0.0,0.0,0.0,0.0,0.0,0.0,0.0,870.0,-0.0,345.0,-0.0,435.0,-0.0,460.0,-0.0,652.5,-0.0,345.0,-0.0,435.0,-0.0,435.0,-0.0,345.0,-0.0,870.0,-0.0,230.0,-0.0,870.0,-0.0,345.0,-0.0,435.0,-0.0,652.5,-0.0,345.0,-0.0,870.0,-0.0,230.0,-0.0,870.0,-0.0,103.2,107.328,-0.0,51.6,53.148,-0.0,103.2,107.328,-0.0,51.6,54.18,-0.0,103.2,106.812,-0.0,51.6,53.664,-0.0,103.2,106.296,-0.0,51.6,53.664,-0.0,103.2,108.36,-0.0,51.6,53.406,-0.0,103.2,107.328,-0.0,51.6,53.148,-0.0,103.2,107.328,-0.0,103.2,108.36,-0.0,63.6,65.826,-0.0,63.6,66.144,-0.0,63.6,65.508,-0.0,63.6,66.144,-0.0,63.6,66.78,-0.0,31.8,32.913,-0.0,31.8,33.072,-0.0,63.6,65.508,-0.0,63.6,66.144,-0.0,63.6,66.78,-0.0,120.0,124.2,-0.0,60.0,62.4,-0.0,60.0,61.8,-0.0,60.0,62.4,-0.0,60.0,63.0,-0.0,120.0,124.2,-0.0,60.0,62.4,-0.0,60.0,61.8,-0.0,315.0,324.45,-0.0,180.0,187.2,-0.0,240.0,252.0,-0.0,120.0,124.2,-0.0,60.0,62.4,-0.0,120.0,123.6,-0.0,120.0,124.8,-0.0,60.0,63.0,-0.0,60.0,62.1,-0.0,60.0,62.4,-0.0,60.0,61.8,-0.0,60.0,62.4,-0.0,120.0,126.0,-0.0,120.0,124.2,-0.0,225.0,234.0,-0.0,420.0,432.6,-0.0,225.0,234.0,-0.0,60.0,63.0,-0.0,120.0,124.2,-0.0,60.0,62.4,-0.0,120.0,123.6,-0.0,120.0,124.8,-0.0,120.0,126.0,-0.0,120.0,124.2,-0.0,120.0,124.8,-0.0,120.0,123.6,-0.0,120.0,124.8,-0.0,120.0,126.0,-0.0,120.0,124.2,-0.0,60.0,62.4,-0.0,60.0,61.8,-0.0,120.0,123.6,-0.0,60.0,62.4,-0.0,120.0,126.0,-0.0,120.0,124.2,-0.0,120.0,124.8,-0.0,120.0,123.6,-0.0,120.0,124.8,-0.0,60.0,63.0,-0.0,60.0,62.1,-0.0,120.0,124.8,-0.0,120.0,123.6,-0.0,120.0,124.8,-0.0,60.0,63.0,-0.0,120.0,124.2,-0.0,120.0,124.8,-0.0,120.0,123.6,-0.0,120.0,124.8,-0.0,120.0,126.0,-0.0,60.0,62.1,-0.0,60.0,62.4,-0.0,120.0,123.6,-0.0,60.0,62.4,-0.0,-62.0967042160689,0.499075,-62.0967042160689,0.499075,-62.0967042160689,0.349537,-62.0967042160689,0.349537,-62.0967042160689,0.349537,-62.0967042160689,0.299692,-62.0967042160689,0.299692,-62.0967042160689,0.499075,-62.0967042160689,0.499075,-62.0967042160689,0.349537,-62.0967042160689,0.349537,-62.0967042160689,0.274768,-62.0967042160689,0.299692,-62.0967042160689,0.299692,-62.0967042160689,0.499075,-62.0967042160689,0.499075,-62.0967042160689,0.349537,-62.0967042160689,0.349537,-62.0967042160689,0.349537
12,5656,0.0,0.0,0.0,0.0,0.0,0.0,0.0,0.0,0.0,0.0,0.0,960.0,-0.0,345.0,-0.0,480.0,-0.0,460.0,-0.0,720.0,-0.0,345.0,-0.0,480.0,-0.0,480.0,-0.0,345.0,-0.0,960.0,-0.0,230.0,-0.0,960.0,-0.0,345.0,-0.0,480.0,-0.0,720.0,-0.0,345.0,-0.0,960.0,-0.0,230.0,-0.0,960.0,-0.0,99.6,103.584,-0.0,49.8,51.294,-0.0,99.6,103.584,-0.0,49.8,52.29,-0.0,99.6,103.086,-0.0,49.8,51.792,-0.0,99.6,102.588,-0.0,49.8,51.792,-0.0,99.6,104.58,-0.0,49.8,51.543,-0.0,99.6,103.584,-0.0,49.8,51.294,-0.0,99.6,103.584,-0.0,99.6,104.58,-0.0,62.4,64.584,-0.0,62.4,64.896,-0.0,62.4,64.272,-0.0,62.4,64.896,-0.0,62.4,65.52,-0.0,31.2,32.292,-0.0,31.2,32.448,-0.0,62.4,64.272,-0.0,62.4,64.896,-0.0,62.4,65.52,-0.0,118.8,122.958,-0.0,59.4,61.776,-0.0,59.4,61.182,-0.0,59.4,61.776,-0.0,59.4,62.37,-0.0,118.8,122.958,-0.0,59.4,61.776,-0.0,59.4,61.182,-0.0,311.85,321.2055,-0.0,178.2,185.328,-0.0,237.6,249.48,-0.0,118.8,122.958,-0.0,59.4,61.776,-0.0,118.8,122.364,-0.0,118.8,123.552,-0.0,59.4,62.37,-0.0,59.4,61.479,-0.0,59.4,61.776,-0.0,59.4,61.182,-0.0,59.4,61.776,-0.0,120.0,126.0,-0.0,120.0,124.2,-0.0,225.0,234.0,-0.0,420.0,432.6,-0.0,225.0,234.0,-0.0,60.0,63.0,-0.0,120.0,124.2,-0.0,60.0,62.4,-0.0,120.0,123.6,-0.0,120.0,124.8,-0.0,120.0,126.0,-0.0,120.0,124.2,-0.0,120.0,124.8,-0.0,120.0,123.6,-0.0,120.0,124.8,-0.0,120.0,126.0,-0.0,120.0,124.2,-0.0,60.0,62.4,-0.0,60.0,61.8,-0.0,120.0,123.6,-0.0,59.4,61.776,-0.0,120.0,126.0,-0.0,120.0,124.2,-0.0,120.0,124.8,-0.0,120.0,123.6,-0.0,120.0,124.8,-0.0,60.0,63.0,-0.0,60.0,62.1,-0.0,120.0,124.8,-0.0,120.0,123.6,-0.0,120.0,124.8,-0.0,60.0,63.0,-0.0,120.0,124.2,-0.0,120.0,124.8,-0.0,120.0,123.6,-0.0,120.0,124.8,-0.0,120.0,126.0,-0.0,60.0,62.1,-0.0,60.0,62.4,-0.0,120.0,123.6,-0.0,60.0,62.4,-0.0,-105.50657894736842,0.9,-105.50657894736842,0.9,-106.62256816237505,0.55212,-106.62256816237505,0.55212,-106.62256816237505,0.55212,-106.62256816237505,0.434747,-106.62256816237505,0.434747,-105.50657894736842,0.9,-105.50657894736842,0.9,-106.62256816237505,0.55212,-106.62256816237505,0.55212,-106.62256816237505,0.37606,-106.62256816237505,0.434747,-106.62256816237505,0.434747,-105.50657894736842,0.9,-105.50657894736842,0.9,-106.62256816237505,0.55212,-106.62256816237505,0.55212,-106.62256816237505,0.55212
13,5876,0.0,0.0,0.0,0.0,0.0,0.0,0.0,0.0,0.0,0.0,0.0,1000.0,-0.0,412.5,-0.0,500.0,-0.0,550.0,-0.0,750.0,-0.0,412.5,-0.0,500.0,-0.0,500.0,-0.0,412.5,-0.0,1000.0,-0.0,275.0,-0.0,1000.0,-0.0,412.5,-0.0,500.0,-0.0,750.0,-0.0,412.5,-0.0,1000.0,-0.0,275.0,-0.0,1000.0,-0.0,98.4,102.336,-0.0,49.2,50.676,-0.0,98.4,102.336,-0.0,49.2,51.66,-0.0,98.4,101.844,-0.0,49.2,51.168,-0.0,98.4,101.352,-0.0,49.2,51.168,-0.0,98.4,103.32,-0.0,49.2,50.922,-0.0,98.4,102.336,-0.0,49.2,50.676,-0.0,98.4,102.336,-0.0,98.4,103.32,-0.0,61.2,63.342,-0.0,61.2,63.648,-0.0,61.2,63.036,-0.0,61.2,63.648,-0.0,61.2,64.26,-0.0,30.6,31.671,-0.0,30.6,31.824,-0.0,61.2,63.036,-0.0,61.2,63.648,-0.0,61.2,64.26,-0.0,118.8,122.958,-0.0,59.4,61.776,-0.0,59.4,61.182,-0.0,59.4,61.776,-0.0,59.4,62.37,-0.0,118.8,122.958,-0.0,59.4,61.776,-0.0,59.4,61.182,-0.0,311.85,321.2055,-0.0,178.2,185.328,-0.0,237.6,249.48,-0.0,118.8,122.958,-0.0,59.4,61.776,-0.0,118.8,122.364,-0.0,118.8,123.552,-0.0,59.4,62.37,-0.0,59.4,61.479,-0.0,59.4,61.776,-0.0,59.4,61.182,-0.0,59.4,61.776,-0.0,120.0,126.0,-0.0,120.0,124.2,-0.0,225.0,234.0,-0.0,420.0,432.6,-0.0,225.0,234.0,-0.0,60.0,63.0,-0.0,120.0,124.2,-0.0,60.0,62.4,-0.0,120.0,123.6,-0.0,120.0,124.8,-0.0,120.0,126.0,-0.0,120.0,124.2,-0.0,120.0,124.8,-0.0,120.0,123.6,-0.0,120.0,124.8,-0.0,120.0,126.0,-0.0,120.0,124.2,-0.0,60.0,62.4,-0.0,60.0,61.8,-0.0,120.0,123.6,-0.0,59.4,61.776,-0.0,120.0,126.0,-0.0,120.0,124.2,-0.0,120.0,124.8,-0.0,120.0,123.6,-0.0,120.0,124.8,-0.0,60.0,63.0,-0.0,60.0,62.1,-0.0,120.0,124.8,-0.0,120.0,123.6,-0.0,120.0,124.8,-0.0,60.0,63.0,-0.0,120.0,124.2,-0.0,120.0,124.8,-0.0,120.0,123.6,-0.0,120.0,124.8,-0.0,120.0,126.0,-0.0,60.0,62.1,-0.0,60.0,62.4,-0.0,120.0,123.6,-0.0,60.0,62.4,-0.0,-0.0,0.9,-0.0,0.9,-183.09473684210528,0.9,-183.09473684210528,0.9,-183.09473684210528,0.9,-287.88803854953426,0.799405,-287.88803854953426,0.799405,-0.0,0.9,-0.0,0.9,-183.09473684210528,0.9,-183.09473684210528,0.9,-287.88803854953426,0.649553,-287.88803854953426,0.799405,-287.88803854953426,0.799405,-0.0,0.9,-0.0,0.9,-183.09473684210528,0.9,-183.09473684210528,0.9,-183.09473684210528,0.9
14,220,0.0,0.0,0.0,0.0,0.0,0.0,0.0,0.0,0.0,0.0,0.0,960.0,-131.164352,480.0,-131.164352,480.0,-131.164352,640.0,-131.164352,720.0,-131.164352,480.0,-131.164352,480.0,-131.164352,480.0,-131.164352,480.0,-131.164352,960.0,-131.164352,320.0,-131.164352,960.0,-131.164352,480.0,-131.164352,480.0,-131.164352,720.0,-131.164352,480.0,-131.164352,960.0,-131.164352,320.0,-131.164352,960.0,-131.164352,97.2,101.088,-0.0,48.6,50.058,-0.0,97.2,101.088,-0.0,48.6,51.03,-0.0,97.2,100.602,-0.0,48.6,50.544,-0.0,97.2,100.116,-0.0,48.6,50.544,-0.0,97.2,102.06,-0.0,48.6,50.301,-0.0,97.2,101.088,-0.0,48.6,50.058,-0.0,97.2,101.088,-0.0,97.2,102.06,-0.0,61.2,63.342,-0.0,61.2,63.648,-0.0,61.2,63.036,-0.0,61.2,63.648,-0.0,61.2,64.26,-0.0,30.6,31.671,-0.0,30.6,31.824,-0.0,61.2,63.036,-0.0,61.2,63.648,-0.0,61.2,64.26,-0.0,120.0,124.2,-0.0,60.0,62.4,-0.0,60.0,61.8,-0.0,60.0,62.4,-0.0,60.0,63.0,-0.0,120.0,124.2,-0.0,60.0,62.4,-0.0,60.0,61.8,-0.0,315.0,324.45,-0.0,180.0,187.2,-0.0,240.0,252.0,-0.0,120.0,124.2,-0.0,60.0,62.4,-0.0,120.0,123.6,-0.0,120.0,124.8,-0.0,60.0,63.0,-0.0,60.0,62.1,-0.0,60.0,62.4,-0.0,60.0,61.8,-0.0,60.0,62.4,-0.0,120.0,126.0,-0.0,120.0,124.2,-0.0,225.0,234.0,-0.0,420.0,432.6,-0.0,225.0,234.0,-0.0,60.0,63.0,-0.0,120.0,124.2,-0.0,60.0,62.4,-0.0,120.0,123.6,-0.0,120.0,124.8,-0.0,120.0,126.0,-0.0,120.0,124.2,-0.0,120.0,124.8,-0.0,120.0,123.6,-0.0,120.0,124.8,-0.0,120.0,126.0,-0.0,120.0,124.2,-0.0,60.0,62.4,-0.0,60.0,61.8,-0.0,120.0,123.6,-0.0,60.0,62.4,-0.0,120.0,126.0,-0.0,120.0,124.2,-0.0,120.0,124.8,-0.0,120.0,123.6,-0.0,120.0,124.8,-0.0,60.0,63.0,-0.0,60.0,62.1,-0.0,120.0,124.8,-0.0,120.0,123.6,-0.0,120.0,124.8,-0.0,60.0,63.0,-0.0,120.0,124.2,-0.0,120.0,124.8,-0.0,120.0,123.6,-0.0,120.0,124.8,-0.0,120.0,126.0,-0.0,60.0,62.1,-0.0,60.0,62.4,-0.0,120.0,123.6,-0.0,60.0,62.4,-0.0,-0.0,0.9,-0.0,0.9,-0.0,0.9,-0.0,0.9,-0.0,0.9,-79.4171052631579,0.9,-79.4171052631579,0.9,-0.0,0.9,-0.0,0.9,-0.0,0.9,-0.0,0.9,-263.62842105263155,0.9,-79.4171052631579,0.9,-79.4171052631579,0.9,-0.0,0.9,-0.0,0.9,-0.0,0.9,-0.0,0.9,-0.0,0.9
15,277,0.0,0.0,0.0,0.0,0.0,0.0,0.0,0.0,0.0,0.0,0.0,920.0,-197.134176,607.5,-197.134176,460.0,-197.134176,810.0,-197.134176,690.0,-197.134176,607.5,-197.134176,460.0,-197.134176,460.0,-197.134176,607.5,-197.134176,920.0,-197.134176,405.0,-197.134176,920.0,-197.134176,607.5,-197.134176,460.0,-197.134176,690.0,-197.134176,607.5,-197.134176,920.0,-197.134176,405.0,-197.134176,920.0,-197.134176,97.2,101.088,-0.0,48.6,50.058,-0.0,97.2,101.088,-0.0,48.6,51.03,-0.0,97.2,100.602,-0.0,48.6,50.544,-0.0,97.2,100.116,-0.0,48.6,50.544,-0.0,97.2,102.06,-0.0,48.6,50.301,-0.0,97.2,101.088,-0.0,48.6,50.058,-0.0,97.2,101.088,-0.0,97.2,102.06,-0.0,64.8,67.068,-0.0,64.8,67.392,-0.0,64.8,66.744,-0.0,64.8,67.392,-0.0,64.8,68.04,-0.0,32.4,33.534,-0.0,32.4,33.696,-0.0,64.8,66.744,-0.0,64.8,67.392,-0.0,64.8,68.04,-0.0,118.8,122.958,-0.0,59.4,61.776,-0.0,59.4,61.182,-0.0,59.4,61.776,-0.0,59.4,62.37,-0.0,118.8,122.958,-0.0,59.4,61.776,-0.0,59.4,61.182,-0.0,311.85,321.2055,-0.0,178.2,185.328,-0.0,237.6,249.48,-0.0,118.8,122.958,-0.0,59.4,61.776,-0.0,118.8,122.364,-0.0,118.8,123.552,-0.0,59.4,62.37,-0.0,59.4,61.479,-0.0,59.4,61.776,-0.0,59.4,61.182,-0.0,59.4,61.776,-0.0,118.8,124.74,-0.0,118.8,122.958,-0.0,222.75,231.66,-0.0,415.8,428.274,-0.0,222.75,231.66,-0.0,59.4,62.37,-0.0,118.8,122.958,-0.0,59.4,61.776,-0.0,118.8,122.364,-0.0,118.8,123.552,-0.0,118.8,124.74,-0.0,118.8,122.958,-0.0,118.8,123.552,-0.0,118.8,122.364,-0.0,118.8,123.552,-0.0,118.8,124.74,-0.0,118.8,122.958,-0.0,59.4,61.776,-0.0,59.4,61.182,-0.0,118.8,122.364,-0.0,59.4,61.776,-0.0,118.8,124.74,-0.0,118.8,122.958,-0.0,118.8,123.552,-0.0,118.8,122.364,-0.0,118.8,123.552,-0.0,59.4,62.37,-0.0,59.4,61.479,-0.0,118.8,123.552,-0.0,118.8,122.364,-0.0,118.8,123.552,-0.0,59.4,62.37,-0.0,118.8,122.958,-0.0,118.8,123.552,-0.0,118.8,122.364,-0.0,118.8,123.552,-0.0,118.8,124.74,-0.0,59.4,61.479,-0.0,59.4,61.776,-0.0,118.8,122.364,-0.0,59.4,61.776,-0.0,-0.0,0.9,-0.0,0.9,-0.0,0.9,-0.0,0.9,-0.0,0.9,-0.0,0.9,-0.0,0.9,-0.0,0.9,-0.0,0.9,-0.0,0.9,-0.0,0.9,-0.0,0.9,-0.0,0.9,-0.0,0.9,-0.0,0.9,-0.0,0.9,-0.0,0.9,-0.0,0.9,-0.0,0.9
16,268,0.0,0.0,0.0,0.0,0.0,0.0,0.0,0.0,0.0,0.0,0.0,800.0,-150.651663,615.0,-150.651663,400.0,-150.651663,820.0,-150.651663,600.0,-150.651663,615.0,-150.651663,400.0,-150.651663,400.0,-150.651663,615.0,-150.651663,800.0,-150.651663,410.0,-150.651663,800.0,-150.651663,615.0,-150.651663,400.0,-150.651663,600.0,-150.651663,615.0,-150.651663,800.0,-150.651663,410.0,-150.651663,800.0,-150.651663,97.2,101.088,-0.0,48.6,50.058,-0.0,97.2,101.088,-0.0,48.6,51.03,-0.0,97.2,100.602,-0.0,48.6,50.544,-0.0,97.2,100.116,-0.0,48.6,50.544,-0.0,97.2,102.06,-0.0,48.6,50.301,-0.0,97.2,101.088,-0.0,48.6,50.058,-0.0,97.2,101.088,-0.0,97.2,102.06,-0.0,72.0,74.52,-0.0,72.0,74.88,-0.0,72.0,74.16,-0.0,72.0,74.88,-0.0,72.0,75.6,-0.0,36.0,37.26,-0.0,36.0,37.44,-0.0,72.0,74.16,-0.0,72.0,74.88,-0.0,72.0,75.6,-0.0,118.8,122.958,-0.0,59.4,61.776,-0.0,59.4,61.182,-0.0,59.4,61.776,-0.0,59.4,62.37,-0.0,118.8,122.958,-0.0,59.4,61.776,-0.0,59.4,61.182,-0.0,311.85,321.2055,-0.0,178.2,185.328,-0.0,237.6,249.48,-0.0,118.8,122.958,-0.0,59.4,61.776,-0.0,118.8,122.364,-0.0,118.8,123.552,-0.0,59.4,62.37,-0.0,59.4,61.479,-0.0,59.4,61.776,-0.0,59.4,61.182,-0.0,59.4,61.776,-0.0,115.2,120.96,-0.0,115.2,119.232,-0.0,216.0,224.64,-0.0,403.2,415.296,-0.0,216.0,224.64,-0.0,57.6,60.48,-0.0,115.2,119.232,-0.0,57.6,59.904,-0.0,115.2,118.656,-0.0,115.2,119.808,-0.0,115.2,120.96,-0.0,115.2,119.232,-0.0,115.2,119.808,-0.0,115.2,118.656,-0.0,115.2,119.808,-0.0,115.2,120.96,-0.0,115.2,119.232,-0.0,57.6,59.904,-0.0,57.6,59.328,-0.0,115.2,118.656,-0.0,59.4,61.776,-0.0,115.2,120.96,-0.0,115.2,119.232,-0.0,115.2,119.808,-0.0,115.2,118.656,-0.0,115.2,119.808,-0.0,57.6,60.48,-0.0,57.6,59.616,-0.0,115.2,119.808,-0.0,115.2,118.656,-0.0,115.2,119.808,-0.0,57.6,60.48,-0.0,115.2,119.232,-0.0,115.2,119.808,-0.0,115.2,118.656,-0.0,115.2,119.808,-0.0,115.2,120.96,-0.0,57.6,59.616,-0.0,57.6,59.904,-0.0,115.2,118.656,-0.0,57.6,59.904,-0.0,-0.0,0.9,-0.0,0.9,-0.0,0.9,-0.0,0.9,-0.0,0.9,-0.0,0.9,-0.0,0.9,-0.0,0.9,-0.0,0.9,-0.0,0.9,-0.0,0.9,-0.0,0.9,-0.0,0.9,-0.0,0.9,-0.0,0.9,-0.0,0.9,-0.0,0.9,-0.0,0.9,-0.0,0.9
17,228,0.0,0.0,0.0,0.0,0.0,0.0,0.0,0.0,0.0,0.0,0.0,580.0,-46.485716,607.5,-46.485716,290.0,-46.485716,810.0,-46.485716,435.0,-46.485716,607.5,-46.485716,290.0,-46.485716,290.0,-46.485716,607.5,-46.485716,580.0,-46.485716,405.0,-46.485716,580.0,-46.485716,607.5,-46.485716,290.0,-46.485716,435.0,-46.485716,607.5,-46.485716,580.0,-46.485716,405.0,-46.485716,580.0,-46.485716,100.8,104.832,-0.0,50.4,51.912,-0.0,100.8,104.832,-0.0,50.4,52.92,-0.0,100.8,104.328,-0.0,50.4,52.416,-0.0,100.8,103.824,-0.0,50.4,52.416,-0.0,100.8,105.84,-0.0,50.4,52.164,-0.0,100.8,104.832,-0.0,50.4,51.912,-0.0,100.8,104.832,-0.0,100.8,105.84,-0.0,88.8,91.908,-0.0,88.8,92.352,-0.0,88.8,91.464,-0.0,88.8,92.352,-0.0,88.8,93.24,-0.0,44.4,45.954,-0.0,44.4,46.176,-0.0,88.8,91.464,-0.0,88.8,92.352,-0.0,88.8,93.24,-0.0,118.8,122.958,-0.0,59.4,61.776,-0.0,59.4,61.182,-0.0,59.4,61.776,-0.0,59.4,62.37,-0.0,118.8,122.958,-0.0,59.4,61.776,-0.0,59.4,61.182,-0.0,311.85,321.2055,-0.0,178.2,185.328,-0.0,237.6,249.48,-0.0,118.8,122.958,-0.0,59.4,61.776,-0.0,118.8,122.364,-0.0,118.8,123.552,-0.0,59.4,62.37,-0.0,59.4,61.479,-0.0,59.4,61.776,-0.0,59.4,61.182,-0.0,59.4,61.776,-0.0,111.6,117.18,-0.0,111.6,115.506,-0.0,209.25,217.62,-0.0,390.6,402.318,-0.0,209.25,217.62,-0.0,55.8,58.59,-0.0,111.6,115.506,-0.0,55.8,58.032,-0.0,111.6,114.948,-0.0,111.6,116.064,-0.0,111.6,117.18,-0.0,111.6,115.506,-0.0,111.6,116.064,-0.0,111.6,114.948,-0.0,111.6,116.064,-0.0,111.6,117.18,-0.0,111.6,115.506,-0.0,55.8,58.032,-0.0,55.8,57.474,-0.0,111.6,114.948,-0.0,59.4,61.776,-0.0,111.6,117.18,-0.0,111.6,115.506,-0.0,111.6,116.064,-0.0,111.6,114.948,-0.0,111.6,116.064,-0.0,55.8,58.59,-0.0,55.8,57.753,-0.0,111.6,116.064,-0.0,111.6,114.948,-0.0,111.6,116.064,-0.0,55.8,58.59,-0.0,111.6,115.506,-0.0,111.6,116.064,-0.0,111.6,114.948,-0.0,111.6,116.064,-0.0,111.6,117.18,-0.0,55.8,57.753,-0.0,55.8,58.032,-0.0,111.6,114.948,-0.0,55.8,58.032,-0.0,-0.0,0.9,-0.0,0.9,-0.0,0.9,-0.0,0.9,-0.0,0.9,-0.0,0.9,-0.0,0.9,-0.0,0.9,-0.0,0.9,-0.0,0.9,-0.0,0.9,-0.0,0.9,-0.0,0.9,-0.0,0.9,-0.0,0.9,-0.0,0.9,-0.0,0.9,-0.0,0.9,-0.0,0.9
18,6105,42.05150752313418,44.77770343694416,41.09614785057916,38.31721642223623,38.31721642223623,42.05150752313418,44.77770343694416,41.09614785057916,38.31721642223623,38.31721642223623,44.77770343694416,320.0,-0.0,645.0,-0.0,160.0,-0.0,860.0,-0.0,240.0,-0.0,645.0,-0.0,160.0,-0.0,160.0,-0.0,645.0,-0.0,320.0,-0.0,430.0,-0.0,320.0,-0.0,645.0,-0.0,160.0,-0.0,240.0,-0.0,645.0,-0.0,320.0,-0.0,430.0,-0.0,320.0,-0.0,112.8,117.312,-0.0,56.4,58.092,-0.0,112.8,117.312,-0.0,56.4,59.22,-0.0,112.8,116.748,-0.0,56.4,58.656,-0.0,112.8,116.184,-0.0,56.4,58.656,-0.0,112.8,118.44,-0.0,56.4,58.374,-0.0,112.8,117.312,-0.0,56.4,58.092,-0.0,112.8,117.312,-0.0,112.8,118.44,-0.0,105.6,109.296,-0.0,105.6,109.824,-0.0,105.6,108.768,-0.0,105.6,109.824,-0.0,105.6,110.88,-0.0,52.8,54.648,-0.0,52.8,54.912,-0.0,105.6,108.768,-0.0,105.6,109.824,-0.0,105.6,110.88,-0.0,106.8,110.538,-0.0,53.4,55.536,-0.0,53.4,55.002,-0.0,53.4,55.536,-0.0,53.4,56.07,-0.0,106.8,110.538,-0.0,53.4,55.536,-0.0,53.4,55.002,-0.0,280.35,288.7605,-0.0,160.2,166.608,-0.0,213.6,224.28,-0.0,106.8,110.538,-0.0,53.4,55.536,-0.0,106.8,110.004,-0.0,106.8,111.072,-0.0,53.4,56.07,-0.0,53.4,55.269,-0.0,53.4,55.536,-0.0,53.4,55.002,-0.0,53.4,55.536,-0.0,108.0,113.4,-0.0,108.0,111.78,-0.0,202.5,210.6,-0.0,378.0,389.34,-0.0,202.5,210.6,-0.0,54.0,56.7,-0.0,108.0,111.78,-0.0,54.0,56.16,-0.0,108.0,111.24,-0.0,108.0,112.32,-0.0,108.0,113.4,-0.0,108.0,111.78,-0.0,108.0,112.32,-0.0,108.0,111.24,-0.0,108.0,112.32,-0.0,108.0,113.4,-0.0,108.0,111.78,-0.0,54.0,56.16,-0.0,54.0,55.62,-0.0,108.0,111.24,-0.0,53.4,55.536,-0.0,108.0,113.4,-0.0,108.0,111.78,-0.0,108.0,112.32,-0.0,108.0,111.24,-0.0,108.0,112.32,-0.0,54.0,56.7,-0.0,54.0,55.89,-0.0,108.0,112.32,-0.0,108.0,111.24,-0.0,108.0,112.32,-0.0,54.0,56.7,-0.0,108.0,111.78,-0.0,108.0,112.32,-0.0,108.0,111.24,-0.0,108.0,112.32,-0.0,108.0,113.4,-0.0,54.0,55.89,-0.0,54.0,56.16,-0.0,108.0,111.24,-0.0,54.0,56.16,-0.0,26.898617671139718,0.786742,26.898617671139718,0.786742,26.898617671139718,0.843371,26.898617671139718,0.843371,26.898617671139718,0.843371,26.898617671139718,0.862247,26.898617671139718,0.862247,26.898617671139718,0.786742,26.898617671139718,0.786742,26.898617671139718,0.843371,26.898617671139718,0.843371,26.898617671139718,0.871686,26.898617671139718,0.862247,26.898617671139718,0.862247,26.898617671139718,0.786742,26.898617671139718,0.786742,26.898617671139718,0.843371,26.898617671139718,0.843371,26.898617671139718,0.843371
19,6098,200.0,168.1510202823659,172.6944924827572,179.315614591054,179.315614591054,200.0,168.1510202823659,172.6944924827572,179.315614591054,179.315614591054,168.1510202823659,30.0,-0.0,630.0,-0.0,15.0,-0.0,840.0,-0.0,22.5,-0.0,630.0,-0.0,15.0,-0.0,15.0,-0.0,630.0,-0.0,30.0,-0.0,420.0,-0.0,30.0,-0.0,630.0,-0.0,15.0,-0.0,22.5,-0.0,630.0,-0.0,30.0,-0.0,420.0,-0.0,30.0,-0.0,120.0,124.8,-0.0,60.0,61.8,-0.0,120.0,124.8,-0.0,60.0,63.0,-0.0,120.0,124.2,-0.0,60.0,62.4,-0.0,120.0,123.6,-0.0,60.0,62.4,-0.0,120.0,126.0,-0.0,60.0,62.1,-0.0,120.0,124.8,-0.0,60.0,61.8,-0.0,120.0,124.8,-0.0,120.0,126.0,-0.0,114.0,117.99,-0.0,114.0,118.56,-0.0,114.0,117.42,-0.0,114.0,118.56,-0.0,114.0,119.7,-0.0,57.0,58.995,-0.0,57.0,59.28,-0.0,114.0,117.42,-0.0,114.0,118.56,-0.0,114.0,119.7,-0.0,100.8,104.328,-0.0,50.4,52.416,-0.0,50.4,51.912,-0.0,50.4,52.416,-0.0,50.4,52.92,-0.0,100.8,104.328,-0.0,50.4,52.416,-0.0,50.4,51.912,-0.0,264.6,272.538,-0.0,151.2,157.248,-0.0,201.6,211.68,-0.0,100.8,104.328,-0.0,50.4,52.416,-0.0,100.8,103.824,-0.0,100.8,104.832,-0.0,50.4,52.92,-0.0,50.4,52.164,-0.0,50.4,52.416,-0.0,50.4,51.912,-0.0,50.4,52.416,-0.0,106.8,112.14,-0.0,106.8,110.538,-0.0,200.25,208.26,-0.0,373.8,385.014,-0.0,200.25,208.26,-0.0,53.4,56.07,-0.0,106.8,110.538,-0.0,53.4,55.536,-0.0,106.8,110.004,-0.0,106.8,111.072,-0.0,106.8,112.14,-0.0,106.8,110.538,-0.0,106.8,111.072,-0.0,106.8,110.004,-0.0,106.8,111.072,-0.0,106.8,112.14,-0.0,106.8,110.538,-0.0,53.4,55.536,-0.0,53.4,55.002,-0.0,106.8,110.004,-0.0,50.4,52.416,-0.0,106.8,112.14,-0.0,106.8,110.538,-0.0,106.8,111.072,-0.0,106.8,110.004,-0.0,106.8,111.072,-0.0,53.4,56.07,-0.0,53.4,55.269,-0.0,106.8,111.072,-0.0,106.8,110.004,-0.0,106.8,111.072,-0.0,53.4,56.07,-0.0,106.8,110.538,-0.0,106.8,111.072,-0.0,106.8,110.004,-0.0,106.8,111.072,-0.0,106.8,112.14,-0.0,53.4,55.269,-0.0,53.4,55.536,-0.0,106.8,110.004,-0.0,53.4,55.536,-0.0,83.29736415897644,0.436016,83.29736415897644,0.436016,83.29736415897644,0.668009,83.29736415897644,0.668009,83.29736415897644,0.668009,83.29736415897644,0.745339,83.29736415897644,0.745339,83.29736415897644,0.436016,83.29736415897644,0.436016,83.29736415897644,0.668009,83.29736415897644,0.668009,83.29736415897644,0.784005,83.29736415897644,0.745339,83.29736415897644,0.745339,83.29736415897644,0.436016,83.29736415897644,0.436016,83.29736415897644,0.668009,83.29736415897644,0.668009,83.29736415897644,0.668009
20,6106,198.61180124389364,166.11135797131956,170.51885214782573,176.98457071432722,176.98457071432722,198.61180124389364,166.11135797131956,170.51885214782573,176.98457071432722,176.98457071432722,166.11135797131956,0.0,-0.0,667.5,-0.0,0.0,-0.0,890.0,-0.0,0.0,-0.0,667.5,-0.0,0.0,-0.0,0.0,-0.0,667.5,-0.0,0.0,-0.0,445.0,-0.0,0.0,-0.0,667.5,-0.0,0.0,-0.0,0.0,-0.0,667.5,-0.0,0.0,-0.0,445.0,-0.0,0.0,-0.0,116.4,121.056,-0.0,58.2,59.946,-0.0,116.4,121.056,-0.0,58.2,61.11,-0.0,116.4,120.474,-0.0,58.2,60.528,-0.0,116.4,119.892,-0.0,58.2,60.528,-0.0,116.4,122.22,-0.0,58.2,60.237,-0.0,116.4,121.056,-0.0,58.2,59.946,-0.0,116.4,121.056,-0.0,116.4,122.22,-0.0,120.0,124.2,-0.0,120.0,124.8,-0.0,120.0,123.6,-0.0,120.0,124.8,-0.0,120.0,126.0,-0.0,60.0,62.1,-0.0,60.0,62.4,-0.0,120.0,123.6,-0.0,120.0,124.8,-0.0,120.0,126.0,-0.0,93.6,96.876,-0.0,46.8,48.672,-0.0,46.8,48.204,-0.0,46.8,48.672,-0.0,46.8,49.14,-0.0,93.6,96.876,-0.0,46.8,48.672,-0.0,46.8,48.204,-0.0,245.7,253.071,-0.0,140.4,146.016,-0.0,187.2,196.56,-0.0,93.6,96.876,-0.0,46.8,48.672,-0.0,93.6,96.408,-0.0,93.6,97.344,-0.0,46.8,49.14,-0.0,46.8,48.438,-0.0,46.8,48.672,-0.0,46.8,48.204,-0.0,46.8,48.672,-0.0,105.6,110.88,-0.0,105.6,109.296,-0.0,198.0,205.92,-0.0,369.6,380.688,-0.0,198.0,205.92,-0.0,52.8,55.44,-0.0,105.6,109.296,-0.0,52.8,54.912,-0.0,105.6,108.768,-0.0,105.6,109.824,-0.0,105.6,110.88,-0.0,105.6,109.296,-0.0,105.6,109.824,-0.0,105.6,108.768,-0.0,105.6,109.824,-0.0,105.6,110.88,-0.0,105.6,109.296,-0.0,52.8,54.912,-0.0,52.8,54.384,-0.0,105.6,108.768,-0.0,46.8,48.672,-0.0,105.6,110.88,-0.0,105.6,109.296,-0.0,105.6,109.824,-0.0,105.6,108.768,-0.0,105.6,109.824,-0.0,52.8,55.44,-0.0,52.8,54.648,-0.0,105.6,109.824,-0.0,105.6,108.768,-0.0,105.6,109.824,-0.0,52.8,55.44,-0.0,105.6,109.296,-0.0,105.6,109.824,-0.0,105.6,108.768,-0.0,105.6,109.824,-0.0,105.6,110.88,-0.0,52.8,54.648,-0.0,52.8,54.912,-0.0,105.6,108.768,-0.0,52.8,54.912,-0.0,56.053799999999995,0.2,56.053799999999995,0.2,82.36494894142416,0.494609,82.36494894142416,0.494609,82.36494894142416,0.494609,82.36494894142416,0.629739,82.36494894142416,0.629739,56.053799999999995,0.2,56.053799999999995,0.2,82.36494894142416,0.494609,82.36494894142416,0.494609,82.36494894142416,0.697305,82.36494894142416,0.629739,82.36494894142416,0.629739,56.053799999999995,0.2,56.053799999999995,0.2,82.36494894142416,0.494609,82.36494894142416,0.494609,82.36494894142416,0.494609
21,6106,197.7943934041473,165.47786939233603,169.8431303777379,176.26058234283556,176.26058234283556,197.7943934041473,165.47786939233603,169.8431303777379,176.26058234283556,176.26058234283556,165.47786939233603,0.0,-0.0,690.0,-0.0,0.0,-0.0,920.0,-0.0,0.0,-0.0,690.0,-0.0,0.0,-0.0,0.0,-0.0,690.0,-0.0,0.0,-0.0,460.0,-0.0,0.0,-0.0,690.0,-0.0,0.0,-0.0,0.0,-0.0,690.0,-0.0,0.0,-0.0,460.0,-0.0,0.0,-0.0,114.0,118.56,-0.0,57.0,58.71,-0.0,114.0,118.56,-0.0,57.0,59.85,-0.0,114.0,117.99,-0.0,57.0,59.28,-0.0,114.0,117.42,-0.0,57.0,59.28,-0.0,114.0,119.7,-0.0,57.0,58.995,-0.0,114.0,118.56,-0.0,57.0,58.71,-0.0,114.0,118.56,-0.0,114.0,119.7,-0.0,118.8,122.958,-0.0,118.8,123.552,-0.0,118.8,122.364,-0.0,118.8,123.552,-0.0,118.8,124.74,-0.0,59.4,61.479,-0.0,59.4,61.776,-0.0,118.8,122.364,-0.0,118.8,123.552,-0.0,118.8,124.74,-0.0,88.8,91.908,-0.0,44.4,46.176,-0.0,44.4,45.732,-0.0,44.4,46.176,-0.0,44.4,46.62,-0.0,88.8,91.908,-0.0,44.4,46.176,-0.0,44.4,45.732,-0.0,233.1,240.093,-0.0,133.2,138.528,-0.0,177.6,186.48,-0.0,88.8,91.908,-0.0,44.4,46.176,-0.0,88.8,91.464,-0.0,88.8,92.352,-0.0,44.4,46.62,-0.0,44.4,45.954,-0.0,44.4,46.176,-0.0,44.4,45.732,-0.0,44.4,46.176,-0.0,104.4,109.62,-0.0,104.4,108.054,-0.0,195.75,203.58,-0.0,365.4,376.362,-0.0,195.75,203.58,-0.0,52.2,54.81,-0.0,104.4,108.054,-0.0,52.2,54.288,-0.0,104.4,107.532,-0.0,104.4,108.576,-0.0,104.4,109.62,-0.0,104.4,108.054,-0.0,104.4,108.576,-0.0,104.4,107.532,-0.0,104.4,108.576,-0.0,104.4,109.62,-0.0,104.4,108.054,-0.0,52.2,54.288,-0.0,52.2,53.766,-0.0,104.4,107.532,-0.0,44.4,46.176,-0.0,104.4,109.62,-0.0,104.4,108.054,-0.0,104.4,108.576,-0.0,104.4,107.532,-0.0,104.4,108.576,-0.0,52.2,54.81,-0.0,52.2,54.027,-0.0,104.4,108.576,-0.0,104.4,107.532,-0.0,104.4,108.576,-0.0,52.2,54.81,-0.0,104.4,108.054,-0.0,104.4,108.576,-0.0,104.4,107.532,-0.0,104.4,108.576,-0.0,104.4,109.62,-0.0,52.2,54.027,-0.0,52.2,54.288,-0.0,104.4,107.532,-0.0,52.2,54.288,-0.0,0.0,0.2,0.0,0.2,82.0753563036488,0.321818,82.0753563036488,0.321818,82.0753563036488,0.321818,82.0753563036488,0.514546,82.0753563036488,0.514546,0.0,0.2,0.0,0.2,82.0753563036488,0.321818,82.0753563036488,0.321818,82.0753563036488,0.610909,82.0753563036488,0.514546,82.0753563036488,0.514546,0.0,0.2,0.0,0.2,82.0753563036488,0.321818,82.0753563036488,0.321818,82.0753563036488,0.321818
22,5899,200.0,200.0,200.0,200.0,200.0,200.0,200.0,200.0,200.0,200.0,200.0,0.0,-0.0,630.0,-0.0,0.0,-0.0,840.0,-0.0,0.0,-0.0,630.0,-0.0,0.0,-0.0,0.0,-0.0,630.0,-0.0,0.0,-0.0,420.0,-0.0,0.0,-0.0,630.0,-0.0,0.0,-0.0,0.0,-0.0,630.0,-0.0,0.0,-0.0,420.0,-0.0,0.0,-0.0,108.0,112.32,-0.0,54.0,55.62,-0.0,108.0,112.32,-0.0,54.0,56.7,-0.0,108.0,111.78,-0.0,54.0,56.16,-0.0,108.0,111.24,-0.0,54.0,56.16,-0.0,108.0,113.4,-0.0,54.0,55.89,-0.0,108.0,112.32,-0.0,54.0,55.62,-0.0,108.0,112.32,-0.0,108.0,113.4,-0.0,103.2,106.812,-0.0,103.2,107.328,-0.0,103.2,106.296,-0.0,103.2,107.328,-0.0,103.2,108.36,-0.0,51.6,53.406,-0.0,51.6,53.664,-0.0,103.2,106.296,-0.0,103.2,107.328,-0.0,103.2,108.36,-0.0,85.2,88.182,-0.0,42.6,44.304,-0.0,42.6,43.878,-0.0,42.6,44.304,-0.0,42.6,44.73,-0.0,85.2,88.182,-0.0,42.6,44.304,-0.0,42.6,43.878,-0.0,223.65,230.3595,-0.0,127.8,132.912,-0.0,170.4,178.92,-0.0,85.2,88.182,-0.0,42.6,44.304,-0.0,85.2,87.756,-0.0,85.2,88.608,-0.0,42.6,44.73,-0.0,42.6,44.091,-0.0,42.6,44.304,-0.0,42.6,43.878,-0.0,42.6,44.304,-0.0,104.4,109.62,-0.0,104.4,108.054,-0.0,195.75,203.58,-0.0,365.4,376.362,-0.0,195.75,203.58,-0.0,52.2,54.81,-0.0,104.4,108.054,-0.0,52.2,54.288,-0.0,104.4,107.532,-0.0,104.4,108.576,-0.0,104.4,109.62,-0.0,104.4,108.054,-0.0,104.4,108.576,-0.0,104.4,107.532,-0.0,104.4,108.576,-0.0,104.4,109.62,-0.0,104.4,108.054,-0.0,52.2,54.288,-0.0,52.2,53.766,-0.0,104.4,107.532,-0.0,42.6,44.304,-0.0,104.4,109.62,-0.0,104.4,108.054,-0.0,104.4,108.576,-0.0,104.4,107.532,-0.0,104.4,108.576,-0.0,52.2,54.81,-0.0,52.2,54.027,-0.0,104.4,108.576,-0.0,104.4,107.532,-0.0,104.4,108.576,-0.0,52.2,54.81,-0.0,104.4,108.054,-0.0,104.4,108.576,-0.0,104.4,107.532,-0.0,104.4,108.576,-0.0,104.4,109.62,-0.0,52.2,54.027,-0.0,52.2,54.288,-0.0,104.4,107.532,-0.0,52.2,54.288,-0.0,0.0,0.2,0.0,0.2,57.86354999999999,0.2,57.86354999999999,0.2,57.86354999999999,0.2,104.10257486141764,0.368437,104.10257486141764,0.368437,0.0,0.2,0.0,0.2,57.86354999999999,0.2,57.86354999999999,0.2,104.10257486141764,0.501328,104.10257486141764,0.368437,104.10257486141764,0.368437,0.0,0.2,0.0,0.2,57.86354999999999,0.2,57.86354999999999,0.2,57.86354999999999,0.2
23,6148,170.81907525343826,144.5719989200573,147.5435350026958,152.36815843927454,152.36815843927454,170.81907525343826,144.5719989200573,147.5435350026958,152.36815843927454,152.36815843927454,144.5719989200573,0.0,-0.0,727.5,-0.0,0.0,-0.0,970.0,-0.0,0.0,-0.0,727.5,-0.0,0.0,-0.0,0.0,-0.0,727.5,-0.0,0.0,-0.0,485.0,-0.0,0.0,-0.0,727.5,-0.0,0.0,-0.0,0.0,-0.0,727.5,-0.0,0.0,-0.0,485.0,-0.0,0.0,-0.0,98.4,102.336,-0.0,49.2,50.676,-0.0,98.4,102.336,-0.0,49.2,51.66,-0.0,98.4,101.844,-0.0,49.2,51.168,-0.0,98.4,101.352,-0.0,49.2,51.168,-0.0,98.4,103.32,-0.0,49.2,50.922,-0.0,98.4,102.336,-0.0,49.2,50.676,-0.0,98.4,102.336,-0.0,98.4,103.32,-0.0,82.8,85.698,-0.0,82.8,86.112,-0.0,82.8,85.284,-0.0,82.8,86.112,-0.0,82.8,86.94,-0.0,41.4,42.849,-0.0,41.4,43.056,-0.0,82.8,85.284,-0.0,82.8,86.112,-0.0,82.8,86.94,-0.0,82.8,85.698,-0.0,41.4,43.056,-0.0,41.4,42.642,-0.0,41.4,43.056,-0.0,41.4,43.47,-0.0,82.8,85.698,-0.0,41.4,43.056,-0.0,41.4,42.642,-0.0,217.35,223.8705,-0.0,124.2,129.168,-0.0,165.6,173.88,-0.0,82.8,85.698,-0.0,41.4,43.056,-0.0,82.8,85.284,-0.0,82.8,86.112,-0.0,41.4,43.47,-0.0,41.4,42.849,-0.0,41.4,43.056,-0.0,41.4,42.642,-0.0,41.4,43.056,-0.0,103.2,108.36,-0.0,103.2,106.812,-0.0,193.5,201.24,-0.0,361.2,372.036,-0.0,193.5,201.24,-0.0,51.6,54.18,-0.0,103.2,106.812,-0.0,51.6,53.664,-0.0,103.2,106.296,-0.0,103.2,107.328,-0.0,103.2,108.36,-0.0,103.2,106.812,-0.0,103.2,107.328,-0.0,103.2,106.296,-0.0,103.2,107.328,-0.0,103.2,108.36,-0.0,103.2,106.812,-0.0,51.6,53.664,-0.0,51.6,53.148,-0.0,103.2,106.296,-0.0,41.4,43.056,-0.0,103.2,108.36,-0.0,103.2,106.812,-0.0,103.2,107.328,-0.0,103.2,106.296,-0.0,103.2,107.328,-0.0,51.6,54.18,-0.0,51.6,53.406,-0.0,103.2,107.328,-0.0,103.2,106.296,-0.0,103.2,107.328,-0.0,51.6,54.18,-0.0,103.2,106.812,-0.0,103.2,107.328,-0.0,103.2,106.296,-0.0,103.2,107.328,-0.0,103.2,108.36,-0.0,51.6,53.406,-0.0,51.6,53.664,-0.0,103.2,106.296,-0.0,51.6,53.664,-0.0,0.0,0.2,0.0,0.2,0.0,0.2,0.0,0.2,0.0,0.2,72.51838720573467,0.266656,72.51838720573467,0.266656,0.0,0.2,0.0,0.2,0.0,0.2,0.0,0.2,72.51838720573467,0.424993,72.51838720573467,0.266656,72.51838720573467,0.266656,0.0,0.2,0.0,0.2,0.0,0.2,0.0,0.2,0.0,0.2
24,6181,143.14341869288123,123.12336737907654,124.6649941552129,127.85543542592879,127.85543542592879,143.14341869288123,123.12336737907654,124.6649941552129,127.85543542592879,127.85543542592879,123.12336737907654,0.0,-0.0,727.5,-0.0,0.0,-0.0,970.0,-0.0,0.0,-0.0,727.5,-0.0,0.0,-0.0,0.0,-0.0,727.5,-0.0,0.0,-0.0,485.0,-0.0,0.0,-0.0,727.5,-0.0,0.0,-0.0,0.0,-0.0,727.5,-0.0,0.0,-0.0,485.0,-0.0,0.0,-0.0,90.0,93.6,-0.0,45.0,46.35,-0.0,90.0,93.6,-0.0,45.0,47.25,-0.0,90.0,93.15,-0.0,45.0,46.8,-0.0,90.0,92.7,-0.0,45.0,46.8,-0.0,90.0,94.5,-0.0,45.0,46.575,-0.0,90.0,93.6,-0.0,45.0,46.35,-0.0,90.0,93.6,-0.0,90.0,94.5,-0.0,63.6,65.826,-0.0,63.6,66.144,-0.0,63.6,65.508,-0.0,63.6,66.144,-0.0,63.6,66.78,-0.0,31.8,32.913,-0.0,31.8,33.072,-0.0,63.6,65.508,-0.0,63.6,66.144,-0.0,63.6,66.78,-0.0,82.8,85.698,-0.0,41.4,43.056,-0.0,41.4,42.642,-0.0,41.4,43.056,-0.0,41.4,43.47,-0.0,82.8,85.698,-0.0,41.4,43.056,-0.0,41.4,42.642,-0.0,217.35,223.8705,-0.0,124.2,129.168,-0.0,165.6,173.88,-0.0,82.8,85.698,-0.0,41.4,43.056,-0.0,82.8,85.284,-0.0,82.8,86.112,-0.0,41.4,43.47,-0.0,41.4,42.849,-0.0,41.4,43.056,-0.0,41.4,42.642,-0.0,41.4,43.056,-0.0,100.8,105.84,-0.0,100.8,104.328,-0.0,189.0,196.56,-0.0,352.8,363.384,-0.0,189.0,196.56,-0.0,50.4,52.92,-0.0,100.8,104.328,-0.0,50.4,52.416,-0.0,100.8,103.824,-0.0,100.8,104.832,-0.0,100.8,105.84,-0.0,100.8,104.328,-0.0,100.8,104.832,-0.0,100.8,103.824,-0.0,100.8,104.832,-0.0,100.8,105.84,-0.0,100.8,104.328,-0.0,50.4,52.416,-0.0,50.4,51.912,-0.0,100.8,103.824,-0.0,41.4,43.056,-0.0,100.8,105.84,-0.0,100.8,104.328,-0.0,100.8,104.832,-0.0,100.8,103.824,-0.0,100.8,104.832,-0.0,50.4,52.92,-0.0,50.4,52.164,-0.0,100.8,104.832,-0.0,100.8,103.824,-0.0,100.8,104.832,-0.0,50.4,52.92,-0.0,100.8,104.328,-0.0,100.8,104.832,-0.0,100.8,103.824,-0.0,100.8,104.832,-0.0,100.8,105.84,-0.0,50.4,52.164,-0.0,50.4,52.416,-0.0,100.8,103.824,-0.0,50.4,52.416,-0.0,0.0,0.2,0.0,0.2,0.0,0.2,0.0,0.2,0.0,0.2,47.492399999999996,0.2,47.492399999999996,0.2,0.0,0.2,0.0,0.2,0.0,0.2,0.0,0.2,62.713300146726475,0.358979,47.492399999999996,0.2,47.492399999999996,0.2,0.0,0.2,0.0,0.2,0.0,0.2,0.0,0.2,0.0,0.2
